"strain","ST","meropenem_MIC","meropenem.RSI.","Country","Latitude","Longitude","Year","Month","Day","meropenem_MIC_clean"
"ERR1204814","ST11","8","I","Austria",47.0793187,15.4654229,2014,4,14,8
"ERR1204815","ST11","0.12","S","Austria",47.8071049,13.0309639,2014,4,2,0.12
"ERR1204817","ST11","8","I","Austria",47.0793187,15.4654229,2014,1,26,8
"ERR1204820","ST1243","2","S","Austria",48.2990118,14.2892049,2014,1,10,2
"ERR1204821","ST512",">32","R","Austria",47.0793187,15.4654229,2013,11,21,48
"ERR1204822","ST512",">32","R","Austria",47.2301548,9.5808176,2014,1,27,48
"ERR1204823","ST294","≤0.06","S","Austria",47.2301548,9.5808176,2013,11,5,0.06
"ERR1204824","ST12","≤0.06","S","Austria",48.2990118,14.2892049,2014,1,20,0.06
"ERR1204825","ST323","≤0.06","S","Austria",48.2990118,14.2892049,2014,2,24,0.06
"ERR1204826","ST258","16","R","Austria",47.2301548,9.5808176,2014,2,20,16
"ERR1204827","ST11",">32","R","Austria",48.2255317,16.3458152,2014,3,27,48
"ERR1204828","ST37","≤0.06","S","Austria",48.2255317,16.3458152,2014,3,28,0.06
"ERR1204829","ST258",">32","R","Austria",48.2255317,16.3458152,2014,1,22,48
"ERR1204830","ST11","≤0.06","S","Austria",48.2255317,16.3458152,2013,11,5,0.06
"ERR1204831","ST17","≤0.06","S","Estonia",59.41689,24.73816,2014,3,24,0.06
"ERR1204832","ST11","0.5","S","Estonia",59.41689,24.73816,2013,12,26,0.5
"ERR1204834","ST104","≤0.06","S","Estonia",59.41689,24.73816,2013,12,24,0.06
"ERR1204835","ST395","4","I","Estonia",59.41689,24.73816,2014,3,7,4
"ERR1204836","ST17","0.25","S","Estonia",59.41689,24.73816,2014,3,10,0.25
"ERR1204837","ST995","≤0.06","S","Estonia",59.41689,24.73816,2014,3,10,0.06
"ERR1204839","ST17","≤0.06","S","Estonia",59.41689,24.73816,2014,4,14,0.06
"ERR1204840","ST113","≤0.06","S","Estonia",59.41689,24.73816,2013,11,19,0.06
"ERR1204842","ST11","≤0.06","S","Poland",51.142,17.0661,2014,3,10,0.06
"ERR1204843","ST37","≤0.06","S","Poland",51.142,17.0661,2014,3,6,0.06
"ERR1204844","ST25","≤0.06","S","Poland",51.142,17.0661,2014,3,13,0.06
"ERR1204845","ST11","1","S","Poland",51.142,17.0661,2014,2,7,1
"ERR1204846","ST11","≤0.06","S","Poland",54.1195,22.9254,2013,12,13,0.06
"ERR1204847","ST11","0.12","S","Poland",54.1195,22.9254,2014,1,2,0.12
"ERR1204848","ST1801","≤0.06","S","Poland",54.1195,22.9254,2013,11,19,0.06
"ERR1204849","ST42","≤0.06","S","Poland",50.0353,22.0347,2013,12,17,0.06
"ERR1204850","ST2447","≤0.06","S","Poland",54.3659,18.6215,2014,1,14,0.06
"ERR1204851","ST258","4","I","Poland",53.12,23.16,2013,11,27,4
"ERR1204852","ST11","0.12","S","Poland",53.12,23.16,2013,12,5,0.12
"ERR1204854","ST11","0.12","S","Poland",53.45,14.5,2014,1,25,0.12
"ERR1204855","ST11","0.12","S","Poland",53.12,23.16,2013,12,24,0.12
"ERR1204856","ST11","0.5","S","Poland",53.12,23.16,2014,1,5,0.5
"ERR1204857","ST11","≤0.06","S","Poland",52.1952,18.2393,2014,3,15,0.06
"ERR1204858","ST11","≤0.06","S","Poland",52.1952,18.2393,2014,3,19,0.06
"ERR1204859","ST11","2","S","Poland",53.45,14.5,2014,1,17,2
"ERR1204860","ST15","≤0.06","S","Poland",53.12,23.16,2014,1,1,0.06
"ERR1204861","ST113","≤0.06","S","Poland",53.12,23.16,2014,1,12,0.06
"ERR1204862","ST11","0.12","S","Poland",53.12,23.16,2014,1,11,0.12
"ERR1204863","ST11","≤0.06","S","Poland",53.12,23.16,2013,12,28,0.06
"ERR1204864","ST258","16","R","Poland",53.12,23.16,2014,1,20,16
"ERR1204865","ST11","8","I","Poland",53.12,23.16,2013,12,31,8
"ERR1204866","ST3666",">32","R","Poland",52.4032,16.9354,2013,11,7,48
"ERR1204867","ST11","≤0.06","S","Poland",52.4032,16.9354,2014,1,20,0.06
"ERR1204868","ST11","≤0.06","S","Poland",52.4032,16.9354,2014,1,22,0.06
"ERR1204869","ST11","≤0.06","S","Poland",53.45,14.5,2014,1,28,0.06
"ERR1204870","ST3132","≤0.06","S","Poland",51.142,17.0661,2013,12,9,0.06
"ERR1204871","ST11","0.25","S","Poland",51.142,17.0661,2014,1,18,0.25
"ERR1204873","ST11","0.12","S","Poland",54.1195,22.9254,2014,1,25,0.12
"ERR1204875","ST307","≤0.06","S","France",48.8099009,2.3573942,2013,11,28,0.06
"ERR1204876","ST11","≤0.06","S","France",47.2267261,5.9637484,2013,11,4,0.06
"ERR1204877","ST3648","1","S","France",47.2267261,5.9637484,2013,11,20,1
"ERR1204878","ST3649","≤0.06","S","France",47.480965,-0.554562,2013,11,26,0.06
"ERR1204879","ST307","2","S","France",47.480965,-0.554562,2013,11,26,2
"ERR1204881","ST147","≤0.06","S","France",45.811741,1.23518,2014,2,22,0.06
"ERR1204882","ST3147","≤0.06","S","France",48.7948126,2.3635677,2014,2,24,0.06
"ERR1204883","ST37","1","S","France",48.7948126,2.3635677,2014,2,24,1
"ERR1204885","ST791","≤0.06","S","France",48.7948126,2.3635677,2014,4,9,0.06
"ERR1204886","ST307","≤0.06","S","France",48.8099009,2.3573942,2014,4,28,0.06
"ERR1204889","ST307","≤0.06","S","France",47.480965,-0.554562,2014,1,22,0.06
"ERR1204890","ST395","≤0.06","S","France",47.480965,-0.554562,2014,2,25,0.06
"ERR1204892","ST307","2","S","France",47.480965,-0.554562,2014,4,25,2
"ERR1204894","ST37","≤0.06","S","France",44.7847737,-0.6630826,2014,1,8,0.06
"ERR1204895","ST45","0.12","S","France",48.7980426,2.4532896,2014,2,20,0.12
"ERR1204899","ST134","≤0.06","S","France",44.7847737,-0.6630826,2014,2,1,0.06
"ERR1204902","ST147","≤0.06","S","France",48.7980426,2.4532896,2014,4,28,0.06
"ERR1204905","ST11","≤0.06","S","Slovakia",48.166374,17.087154,2014,1,21,0.06
"ERR1204906","ST11","4","I","Slovakia",48.166374,17.087154,2014,1,20,4
"ERR1204907","ST11","≤0.06","S","Slovakia",48.155065,17.152201,2014,3,2,0.06
"ERR1204908","ST11","≤0.06","S","Slovakia",48.101512,17.118645,2014,2,24,0.06
"ERR1204909","ST15","≤0.06","S","Slovakia",48.101512,17.118645,2014,4,20,0.06
"ERR1204910","ST11","2","S","Slovakia",48.743212,19.117908,2013,12,9,2
"ERR1204911","ST15","2","S","Slovakia",48.743212,19.117908,2013,12,12,2
"ERR1204912","ST11","≤0.06","S","Slovakia",48.743212,19.117908,2013,12,16,0.06
"ERR1204913","ST11","≤0.06","S","Slovakia",48.101512,17.118645,2014,3,3,0.06
"ERR1204914","ST11","≤0.06","S","Slovakia",48.743212,19.117908,2014,1,1,0.06
"ERR1204915","ST20","≤0.06","S","Slovakia",48.101512,17.118645,2014,3,9,0.06
"ERR1204916","ST3674","≤0.06","S","Slovakia",48.101512,17.118645,2014,2,26,0.06
"ERR1204917","ST11","≤0.06","S","Slovakia",48.166374,17.087154,2013,11,20,0.06
"ERR1204918","ST258",">32","R","Slovakia",48.166374,17.087154,2013,11,22,48
"ERR1204920","ST11","≤0.06","S","Slovakia",48.166374,17.087154,2014,4,7,0.06
"ERR1204921","ST234","≤0.06","S","Slovakia",48.166374,17.087154,2014,1,16,0.06
"ERR1204922","ST11","4","I","Slovakia",48.166374,17.087154,2014,1,15,4
"ERR1204923","ST11","≤0.06","S","Slovakia",48.166374,17.087154,2014,1,15,0.06
"ERR1204924","ST11","≤0.06","S","Slovakia",48.101512,17.118645,2014,4,7,0.06
"ERR1204926","ST280","≤0.06","S","Slovakia",48.101512,17.118645,2014,4,8,0.06
"ERR1204927","ST11","8","I","Slovakia",48.101512,17.118645,2014,4,17,8
"ERR1204928","ST251","≤0.06","S","Slovakia",48.155065,17.152201,2014,3,1,0.06
"ERR1204929","ST11","1","S","Slovakia",48.155065,17.152201,2014,3,1,1
"ERR1204930","ST11","4","I","Slovakia",48.155065,17.152201,2014,2,28,4
"ERR1204931","ST15","4","I","Slovakia",48.743212,19.117908,2014,1,15,4
"ERR1204932","ST35","≤0.06","S","Slovakia",48.155065,17.152201,2014,1,27,0.06
"ERR1204933","ST461","≤0.06","S","Slovakia",48.72199,21.238306,2014,2,5,0.06
"ERR1204934","ST340","2","S","Slovakia",48.72199,21.238306,2014,2,5,2
"ERR1204935","ST323","≤0.06","S","Slovakia",48.743212,19.117908,2014,1,15,0.06
"ERR1204936","ST11","0.5","S","Slovakia",48.166374,17.087154,2013,12,9,0.5
"ERR1204937","ST3675","≤0.06","S","Slovakia",48.166374,17.087154,2013,12,11,0.06
"ERR1204938","ST11","8","I","Slovakia",48.166374,17.087154,2014,4,4,8
"ERR1204940","ST11","≤0.06","S","Slovakia",48.743212,19.117908,2013,12,12,0.06
"ERR1204941","ST323","≤0.06","S","Czech Republic",50.072284,14.3438228,2013,11,20,0.06
"ERR1204942","ST340","≤0.06","S","Czech Republic",50.072284,14.3438228,2014,2,5,0.06
"ERR1204944","ST340","32","R","Czech Republic",50.072284,14.3438228,2014,3,10,32
"ERR1204946","ST340","2","S","Czech Republic",50.072284,14.3438228,2014,4,11,2
"ERR1204947","ST1333","≤0.06","S","Czech Republic",50.072284,14.3438228,2014,5,5,0.06
"ERR1204948","ST11","1","S","Czech Republic",50.0736379,14.4211807,2013,11,25,1
"ERR1204949","ST11","≤0.06","S","Czech Republic",50.0736379,14.4211807,2013,11,26,0.06
"ERR1204950","ST35","0.12","S","Czech Republic",50.0736379,14.4211807,2014,4,30,0.12
"ERR1204951","ST45","8","I","Czech Republic",50.0736379,14.4211807,2013,11,27,8
"ERR1204955","ST525","≤0.06","S","Czech Republic",49.7664043,13.3727044,2014,3,6,0.06
"ERR1204956","ST323","2","S","Czech Republic",50.2004274,15.8269539,2013,12,9,2
"ERR1204957","ST11","0.12","S","Czech Republic",50.2004274,15.8269539,2014,2,24,0.12
"ERR1204958","ST405","≤0.06","S","Czech Republic",50.2004274,15.8269539,2014,3,24,0.06
"ERR1204959","ST17","≤0.06","S","Czech Republic",50.2004274,15.8269539,2014,3,24,0.06
"ERR1204960","ST11","0.5","S","Czech Republic",49.7664043,13.3727044,2013,11,26,0.5
"ERR1204962","ST11","0.12","S","Czech Republic",50.0736379,14.4211807,2014,1,16,0.12
"ERR1204966","ST340","≤0.06","S","Czech Republic",50.2004274,15.8269539,2014,2,10,0.06
"ERR1204967","ST661","≤0.06","S","Austria",47.2301548,9.5808176,2014,3,3,0.06
"ERR1204969","ST2428","≤0.06","S","Austria",47.0793187,15.4654229,2014,1,30,0.06
"ERR1204970","ST11","2","S","Austria",48.2990118,14.2892049,2014,2,20,2
"ERR1204971","ST6","≤0.06","S","Austria",47.0793187,15.4654229,2013,11,23,0.06
"ERR1204972","ST512",">32","R","Austria",47.2301548,9.5808176,2013,11,3,48
"ERR1204973","ST512",">32","R","Austria",47.2301548,9.5808176,2013,11,4,48
"ERR1204974","ST17","≤0.06","S","Austria",47.2301548,9.5808176,2013,11,6,0.06
"ERR1204975","ST3634","≤0.06","S","Austria",46.6358616,14.3089696,2014,1,3,0.06
"ERR1204976","ST23","≤0.06","S","Austria",48.2255317,16.3458152,2014,1,24,0.06
"ERR1204977","ST15","32","R","Austria",48.2255317,16.3458152,2014,2,25,32
"ERR1204984","ST11","4","I","Slovakia",48.101512,17.118645,2014,4,7,4
"ERR1204989","ST309","0.5","S","Czech Republic",50.072284,14.3438228,2013,11,1,0.5
"ERR1204990","ST323","2","S","Czech Republic",50.072284,14.3438228,2013,11,8,2
"ERR1204991","ST461","0.5","S","Czech Republic",49.7664043,13.3727044,2014,4,12,0.5
"ERR1204993","ST405","≤0.06","S","Czech Republic",50.2004274,15.8269539,2014,3,10,0.06
"ERR1204994","ST405","≤0.06","S","Czech Republic",50.2004274,15.8269539,2014,2,12,0.06
"ERR1204997","ST101","16","R","Austria",48.2255317,16.3458152,2013,11,5,16
"ERR1204999","ST11","≤0.06","S","Estonia",59.41689,24.73816,2013,12,25,0.06
"ERR1205000","ST17","2","S","Estonia",59.41689,24.73816,2014,3,24,2
"ERR1205001","ST11","0.25","S","Estonia",59.41689,24.73816,2013,11,22,0.25
"ERR1205002","ST23","≤0.06","S","Estonia",59.41689,24.73816,2013,11,22,0.06
"ERR1205003","ST395","0.12","S","Estonia",59.41689,24.73816,2014,2,22,0.12
"ERR1205004","ST395","≤0.06","S","Estonia",59.41689,24.73816,2014,2,21,0.06
"ERR1205009","ST11","0.25","S","Estonia",59.41689,24.73816,2013,11,19,0.25
"ERR1205010","ST152","1","S","Poland",53.45,14.5,2014,2,6,1
"ERR1205011","ST147","0.12","S","Poland",51.142,17.0661,2014,2,7,0.12
"ERR1205013","ST11","0.25","S","Poland",54.1195,22.9254,2013,11,14,0.25
"ERR1205015","ST11","8","I","Poland",54.3659,18.6215,2014,1,9,8
"ERR1205018","ST280","8","I","Poland",54.3659,18.6215,2014,1,13,8
"ERR1205019","ST152","≤0.06","S","Poland",52.1952,18.2393,2014,3,18,0.06
"ERR1205020","ST3665","0.12","S","Poland",52.1952,18.2393,2014,3,24,0.12
"ERR1205021","ST392","≤0.06","S","Poland",54.18,15.57,2014,1,16,0.06
"ERR1205022","ST152","4","I","Poland",54.18,15.57,2013,12,19,4
"ERR1205023","ST11","2","S","Poland",53.12,23.16,2013,12,31,2
"ERR1205024","ST11","0.25","S","Poland",53.12,23.16,2014,1,21,0.25
"ERR1205028","ST11",">32","R","Poland",52.4032,16.9354,2013,12,20,48
"ERR1205029","ST16","≤0.06","S","Poland",52.4032,16.9354,2013,12,24,0.06
"ERR1205030","ST152","≤0.06","S","Poland",52.4032,16.9354,2014,1,23,0.06
"ERR1205031","ST147","2","S","Poland",51.142,17.0661,2013,12,3,2
"ERR1205033","ST101","0.12","S","France",45.7034018,4.8052426,2013,12,20,0.12
"ERR1205034","ST101","16","R","France",45.7034018,4.8052426,2014,1,27,16
"ERR1205035","ST258","8","I","France",48.8099009,2.3573942,2013,11,28,8
"ERR1205036","ST45","8","I","France",47.2267261,5.9637484,2013,11,4,8
"ERR1205039","ST16","≤0.06","S","France",47.2267261,5.9637484,2013,11,21,0.06
"ERR1205040","ST902","0.12","S","France",48.3967992,-4.532673,2014,1,20,0.12
"ERR1205041","ST661","≤0.06","S","France",48.3967992,-4.532673,2014,1,20,0.06
"ERR1205043","ST34","0.12","S","France",48.7948126,2.3635677,2014,2,27,0.12
"ERR1205048","ST405","2","S","France",48.7980426,2.4532896,2014,1,14,2
"ERR1205049","ST307","8","I","France",48.7948126,2.3635677,2014,4,9,8
"ERR1205055","ST405","≤0.06","S","France",47.2267261,5.9637484,2014,3,27,0.06
"ERR1205056","ST902","≤0.06","S","France",47.480965,-0.554562,2014,4,25,0.06
"ERR1205058","ST405","≤0.06","S","France",48.7980426,2.4532896,2014,4,16,0.06
"ERR1205059","ST14","≤0.06","S","France",48.7980426,2.4532896,2014,2,19,0.06
"ERR1205061","ST307","≤0.06","S","France",48.7980426,2.4532896,2014,2,20,0.06
"ERR1205063","ST1709","0.5","S","France",48.7980426,2.4532896,2014,4,14,0.5
"ERR1205064","ST392","2","S","France",45.7592327,3.0939838,2014,3,20,2
"ERR1205073","ST307","4","I","France",44.837789,-0.57918,2013,11,12,4
"ERR1205076","ST37","≤0.06","S","France",44.7847737,-0.6630826,2013,11,8,0.06
"ERR1216950","ST628","≤0.06","S","Germany",49.305833,7.344167,2013,12,10,0.06
"ERR1216951","ST14","2","S","Germany",52.5424137,13.3486434,2013,12,8,2
"ERR1216955","ST867","≤0.06","S","Germany",51.056814,13.780108,2014,1,6,0.06
"ERR1216956","ST101","16","R","Germany",52.5424137,13.3486434,2014,1,12,16
"ERR1216957","ST3640","≤0.06","S","Germany",50.065963,8.191466,2014,1,13,0.06
"ERR1216958","ST307","1","S","Germany",50.065963,8.191466,2014,1,10,1
"ERR1216959","ST17",">32","R","Germany",48.421383,9.953098,2014,1,15,48
"ERR1216961","ST299","≤0.06","S","Germany",51.056814,13.780108,2014,1,21,0.06
"ERR1216962","ST258",">32","R","Germany",51.056814,13.780108,2014,1,21,48
"ERR1216963","ST15","1","S","Germany",50.065963,8.191466,2014,1,23,1
"ERR1216965","ST11","32","R","Germany",52.5424137,13.3486434,2014,1,25,32
"ERR1216966","ST15","1","S","Germany",51.49358,7.22922,2014,2,10,1
"ERR1216967","ST6","≤0.06","S","Germany",49.305833,7.344167,2014,2,7,0.06
"ERR1216969","ST14","8","I","Germany",51.056814,13.780108,2014,2,17,8
"ERR1216970","ST147",">32","R","Germany",50.094722,8.661111,2013,11,26,48
"ERR1216973","ST6","≤0.06","S","Germany",50.094722,8.661111,2013,12,9,0.06
"ERR1216975","ST20","≤0.06","S","Germany",50.094722,8.661111,2014,2,4,0.06
"ERR1216978","ST45","1","S","Germany",48.135833,11.599167,2013,12,12,1
"ERR1216980","ST405","1","S","Germany",48.135833,11.599167,2014,3,7,1
"ERR1216981","ST1804","4","I","Germany",52.5424137,13.3486434,2014,3,24,4
"ERR1216982","ST11","0.12","S","Germany",48.006389,7.837778,2014,3,26,0.12
"ERR1216984","ST147","2","S","Germany",48.006389,7.837778,2014,4,1,2
"ERR1216985","ST17","≤0.06","S","Germany",48.006389,7.837778,2014,4,4,0.06
"ERR1216987","ST29","≤0.06","S","Germany",52.10162,11.6191782,2014,4,7,0.06
"ERR1216989","ST377","1","S","Germany",50.094722,8.661111,2014,2,20,1
"ERR1216991","ST1333","≤0.06","S","Germany",51.056814,13.780108,2014,8,4,0.06
"ERR1216992","ST3641","≤0.06","S","Germany",50.925071,6.917546,2014,3,17,0.06
"ERR1216993","ST14","4","I","Germany",50.925071,6.917546,2014,3,14,4
"ERR1216996","ST301","≤0.06","S","Germany",48.421383,9.953098,2014,8,11,0.06
"ERR1216997","ST258","8","I","Germany",52.383889,9.804722,2014,4,20,8
"ERR1216999","ST3642","0.25","S","Germany",52.383889,9.804722,2014,1,27,0.25
"ERR1217000","ST25","≤0.06","S","Germany",52.383889,9.804722,2013,10,11,0.06
"ERR1217001","ST25","4","I","Germany",52.383889,9.804722,2014,3,24,4
"ERR1217003","ST17","2","S","Germany",52.383889,9.804722,2014,3,28,2
"ERR1217005","ST11","8","I","Germany",52.383889,9.804722,2013,11,1,8
"ERR1217013","ST11","1","S","Germany",52.383889,9.804722,2013,11,1,1
"ERR1217015","ST11","0.5","S","Germany",52.383889,9.804722,2012,10,10,0.5
"ERR1217019","ST36","16","R","Germany",49.418056,8.666667,2014,1,3,16
"ERR1217021","ST258","8","I","Germany",49.418056,8.666667,2013,11,21,8
"ERR1217022","ST530","1","S","Germany",49.418056,8.666667,2013,12,1,1
"ERR1217023","ST36","16","R","Germany",49.418056,8.666667,2013,12,10,16
"ERR1217025","ST1307","1","S","Germany",49.418056,8.666667,2013,11,19,1
"ERR1217026","ST37","≤0.06","S","Germany",49.418056,8.666667,2014,9,19,0.06
"ERR1217027","ST1486","≤0.06","S","Germany",49.418056,8.666667,2014,9,19,0.06
"ERR1217028","ST3643","≤0.06","S","Germany",49.418056,8.666667,2014,9,19,0.06
"ERR1217029","ST542","≤0.06","S","Germany",49.418056,8.666667,2014,9,17,0.06
"ERR1217030","ST831","≤0.06","S","Germany",49.418056,8.666667,2014,9,18,0.06
"ERR1217031","ST37","≤0.06","S","Germany",49.418056,8.666667,2014,9,15,0.06
"ERR1217033","ST15","≤0.06","S","Germany",49.418056,8.666667,2014,9,15,0.06
"ERR1217035","ST48","≤0.06","S","Germany",52.5424137,13.3486434,2014,10,1,0.06
"ERR1217038","ST35","≤0.06","S","Germany",52.5424137,13.3486434,2014,10,1,0.06
"ERR1217040","ST107","≤0.06","S","Norway",59.272669,10.41772,2013,11,12,0.06
"ERR1217041","ST101","16","R","Norway",59.272669,10.41772,2013,11,6,16
"ERR1217053","ST39","≤0.06","S","Norway",58.953516,5.73281,2014,3,15,0.06
"ERR1217054","ST307","0.5","S","Norway",63.419538,10.391002,2014,4,23,0.5
"ERR1217058","ST37","1","S","Malta",35.901618,14.476007,2013,11,1,1
"ERR1217059","ST11","2","S","Malta",35.901618,14.476007,2013,11,2,2
"ERR1217060","ST307","2","S","Malta",35.901618,14.476007,2013,11,3,2
"ERR1217062","ST11","2","S","Malta",35.901618,14.476007,2013,11,5,2
"ERR1217063","ST307","0.12","S","Malta",35.901618,14.476007,2013,11,10,0.12
"ERR1217065","ST1082","0.12","S","Malta",35.901618,14.476007,2013,11,15,0.12
"ERR1217066","ST11","2","S","Malta",35.901618,14.476007,2013,11,15,2
"ERR1217067","ST36","≤0.06","S","Malta",35.901618,14.476007,2013,11,16,0.06
"ERR1217068","ST11","2","S","Malta",35.901618,14.476007,2013,11,16,2
"ERR1217070","ST11","2","S","Malta",35.901618,14.476007,2013,11,26,2
"ERR1217071","ST200","≤0.06","S","Malta",35.901618,14.476007,2013,11,29,0.06
"ERR1217072","ST307","≤0.06","S","Malta",35.901618,14.476007,2013,11,30,0.06
"ERR1217073","ST11","2","S","Malta",35.901618,14.476007,2013,12,1,2
"ERR1217076","ST292","≤0.06","S","Malta",35.901618,14.476007,2013,11,6,0.06
"ERR1217077","ST307","≤0.06","S","Malta",35.901618,14.476007,2013,11,6,0.06
"ERR1217080","ST1626","2","S","Lithuania",54.752072,25.277788,2014,1,20,2
"ERR1217081","ST1626","0.12","S","Lithuania",54.752072,25.277788,2014,1,22,0.12
"ERR1217083","ST405","≤0.06","S","Lithuania",54.3984713,24.0391475,2014,3,7,0.06
"ERR1217084","ST437","≤0.06","S","Lithuania",54.5668601,23.3468806,2014,1,5,0.06
"ERR1217085","ST873","≤0.06","S","Lithuania",54.709866,25.3155939,2013,11,8,0.06
"ERR1217086","ST1269","0.12","S","Israel",31.768319,35.21371,2014,4,7,0.12
"ERR1217090","ST512",">32","R","Israel",32.830361,34.974338,2013,12,25,48
"ERR1217091","ST2703","≤0.06","S","Israel",31.768319,35.21371,2014,3,19,0.06
"ERR1217092","ST147","≤0.06","S","Israel",31.768319,35.21371,2014,3,19,0.06
"ERR1217093","ST3653","≤0.06","S","Israel",31.768319,35.21371,2014,3,20,0.06
"ERR1217095","ST512",">32","R","Israel",32.80362,34.986711,2013,11,21,48
"ERR1217097","ST512","32","R","Israel",32.80362,34.986711,2013,12,17,32
"ERR1217098","ST512","32","R","Israel",32.80362,34.986711,2013,12,19,32
"ERR1217100","ST168","≤0.06","S","Israel",32.80362,34.986711,2013,12,20,0.06
"ERR1217101","ST133","≤0.06","S","Israel",32.80362,34.986711,2014,1,29,0.06
"ERR1217102","ST3654","≤0.06","S","Israel",32.80362,34.986711,2014,2,5,0.06
"ERR1217103","ST512",">32","R","Israel",32.80362,34.986711,2014,2,19,48
"ERR1217104","ST290","≤0.06","S","Israel",32.80362,34.986711,2014,2,19,0.06
"ERR1217105","ST512",">32","R","Israel",32.80362,34.986711,2014,1,29,48
"ERR1217106","ST512",">32","R","Israel",32.80362,34.986711,2014,2,5,48
"ERR1217107","ST3653","≤0.06","S","Israel",31.768319,35.21371,2014,3,24,0.06
"ERR1217109","ST512",">32","R","Israel",31.9521108,34.906551,2013,12,7,48
"ERR1217110","ST4064","≤0.06","S","Israel",32.066158,34.777819,2013,12,2,0.06
"ERR1217111","ST307","≤0.06","S","Israel",32.830361,34.974338,2013,12,18,0.06
"ERR1217113","ST348","≤0.06","S","Israel",32.066158,34.777819,2014,4,23,0.06
"ERR1217114","ST512",">32","R","Israel",32.066158,34.777819,2014,4,22,48
"ERR1217117","ST512",">32","R","Israel",32.830361,34.974338,2014,2,13,48
"ERR1217118","ST512",">32","R","Israel",32.830361,34.974338,2014,2,13,48
"ERR1217119","ST1536","≤0.06","S","Israel",32.830361,34.974338,2013,12,13,0.06
"ERR1217120","ST337","≤0.06","S","Israel",32.830361,34.974338,2013,12,19,0.06
"ERR1217122","ST4063","≤0.06","S","Israel",32.830361,34.974338,2013,12,23,0.06
"ERR1217124","ST512",">32","R","Israel",31.9521108,34.906551,2013,12,4,48
"ERR1217125","ST512",">32","R","Israel",31.9521108,34.906551,2013,12,8,48
"ERR1217127","ST258","32","R","Israel",32.80362,34.986711,2014,1,20,32
"ERR1217128","ST39","≤0.06","S","Israel",32.066158,34.777819,2013,11,25,0.06
"ERR1217129","ST292","2","S","Israel",32.066158,34.777819,2013,12,1,2
"ERR1217130","ST307","≤0.06","S","Israel",31.9521108,34.906551,2014,4,23,0.06
"ERR1217131","ST512",">32","R","Israel",32.066158,34.777819,2013,11,26,48
"ERR1217132","ST45","≤0.06","S","Israel",32.066158,34.777819,2013,12,1,0.06
"ERR1217133","ST37","≤0.06","S","Israel",32.066158,34.777819,2013,12,1,0.06
"ERR1217134","ST383","2","S","Israel",32.066158,34.777819,2013,12,2,2
"ERR1217138","ST147","≤0.06","S","Israel",32.066158,34.777819,2013,12,13,0.06
"ERR1217139","ST1412","≤0.06","S","Israel",32.066158,34.777819,2013,12,13,0.06
"ERR1217140","ST234","0.5","S","Israel",32.066158,34.777819,2013,12,17,0.5
"ERR1217141","ST394","4","I","Israel",32.066158,34.777819,2013,12,6,4
"ERR1217142","ST512",">32","R","Israel",32.066158,34.777819,2013,12,9,48
"ERR1217143","ST512",">32","R","Israel",32.066158,34.777819,2013,12,16,48
"ERR1217144","ST512",">32","R","Israel",32.066158,34.777819,2014,1,14,48
"ERR1217145","ST13","≤0.06","S","Israel",32.066158,34.777819,2014,2,24,0.06
"ERR1217146","ST512","32","R","Israel",32.066158,34.777819,2014,1,31,32
"ERR1217147","ST512",">32","R","Israel",32.066158,34.777819,2014,2,1,48
"ERR1217149","ST17","≤0.06","S","Israel",32.066158,34.777819,2014,2,24,0.06
"ERR1217150","ST336","≤0.06","S","Israel",32.066158,34.777819,2014,2,24,0.06
"ERR1217151","ST35","≤0.06","S","Israel",32.066158,34.777819,2014,2,24,0.06
"ERR1217152","ST4","≤0.06","S","Israel",31.768319,35.21371,2014,4,4,0.06
"ERR1217153","ST512",">32","R","Israel",32.066158,34.777819,2013,11,27,48
"ERR1217155","ST111","4","I","Israel",32.80362,34.986711,2014,1,27,4
"ERR1217156","ST395","16","R","Israel",32.80362,34.986711,2014,2,27,16
"ERR1217158","ST38","16","R","Israel",31.768319,35.21371,2014,3,27,16
"ERR1217159","ST512",">32","R","Israel",31.768319,35.21371,2014,3,10,48
"ERR1217160","ST512","32","R","Israel",31.768319,35.21371,2014,3,14,32
"ERR1217161","ST512",">32","R","Israel",31.768319,35.21371,2014,4,9,48
"ERR1217162","ST512",">32","R","Israel",31.768319,35.21371,2014,3,6,48
"ERR1217163","ST512",">32","R","Israel",31.768319,35.21371,2014,3,10,48
"ERR1217164","ST111","1","S","Israel",31.768319,35.21371,2014,3,13,1
"ERR1217165","ST13","≤0.06","S","Israel",31.768319,35.21371,2014,4,30,0.06
"ERR1217166","ST512","32","R","Israel",31.768319,35.21371,2014,3,17,32
"ERR1217167","ST101","4","I","Israel",31.768319,35.21371,2014,3,25,4
"ERR1217168","ST392","≤0.06","S","Israel",31.768319,35.21371,2014,3,31,0.06
"ERR1217169","ST512",">32","R","Israel",31.768319,35.21371,2014,4,7,48
"ERR1217170","ST15","≤0.06","S","Montenegro",42.437504,19.245408,2014,1,9,0.06
"ERR1217171","ST307","≤0.06","S","Montenegro",42.437504,19.245408,2014,1,20,0.06
"ERR1217172","ST274","16","R","Montenegro",42.437504,19.245408,2014,1,23,16
"ERR1217174","ST29","≤0.06","S","Montenegro",42.437504,19.245408,2014,1,27,0.06
"ERR1217175","ST15","≤0.06","S","Montenegro",42.437504,19.245408,2014,1,27,0.06
"ERR1217177","ST29","0.12","S","Montenegro",42.437504,19.245408,2014,2,3,0.12
"ERR1217178","ST274","4","I","Montenegro",42.437504,19.245408,2014,2,10,4
"ERR1217179","ST274","16","R","Montenegro",42.437504,19.245408,2014,2,13,16
"ERR1217180","ST101","0.12","S","Montenegro",42.437504,19.245408,2014,2,24,0.12
"ERR1217181","ST274","4","I","Montenegro",42.437504,19.245408,2014,2,25,4
"ERR1217182","ST15","≤0.06","S","Montenegro",42.437504,19.245408,2014,3,8,0.06
"ERR1217183","ST15","≤0.06","S","Montenegro",42.437504,19.245408,2014,3,13,0.06
"ERR1217187","ST920","≤0.06","S","Montenegro",42.437504,19.245408,2013,12,23,0.06
"ERR1217189","ST512",">32","R","Italy",44.6080164,10.8693906,2013,11,12,48
"ERR1217190","ST45","≤0.06","S","Italy",44.6080164,10.8693906,2013,11,4,0.06
"ERR1217191","ST20","≤0.06","S","Italy",44.6080164,10.8693906,2013,11,5,0.06
"ERR1217192","ST512","32","R","Italy",44.6080164,10.8693906,2013,11,2,32
"ERR1217193","ST36","≤0.06","S","Italy",44.6080164,10.8693906,2013,11,1,0.06
"ERR1217194","ST258","4","I","Italy",44.6080164,10.8693906,2013,11,7,4
"ERR1217196","ST512",">32","R","Italy",44.6080164,10.8693906,2013,11,1,48
"ERR1217197","ST3155","≤0.06","S","Italy",44.6080164,10.8693906,2013,1,1,0.06
"ERR1217198","ST37","≤0.06","S","Italy",44.6080164,10.8693906,2013,11,2,0.06
"ERR1217200","ST512",">32","R","Italy",44.6080164,10.8693906,2013,11,12,48
"ERR1217201","ST101","0.12","S","Italy",44.6080164,10.8693906,2013,11,18,0.12
"ERR1217202","ST512",">32","R","Italy",44.6080164,10.8693906,2013,11,19,48
"ERR1217203","ST405","≤0.06","S","Italy",44.6080164,10.8693906,2013,11,10,0.06
"ERR1217204","ST512",">32","R","Italy",44.6080164,10.8693906,2013,11,22,48
"ERR1217205","ST628","≤0.06","S","Italy",44.6080164,10.8693906,2013,11,9,0.06
"ERR1217206","ST17","≤0.06","S","Italy",44.6080164,10.8693906,2013,11,7,0.06
"ERR1217207","ST512",">32","R","Italy",43.6082045,13.455575,2013,11,4,48
"ERR1217208","ST395","≤0.06","S","Italy",43.6082045,13.455575,2013,11,1,0.06
"ERR1217209","ST512",">32","R","Italy",43.6082045,13.455575,2013,11,5,48
"ERR1217211","ST512",">32","R","Italy",43.6082045,13.455575,2013,11,6,48
"ERR1217212","ST3655","≤0.06","S","Italy",43.6082045,13.455575,2013,11,1,0.06
"ERR1217213","ST512",">32","R","Italy",43.6082045,13.455575,2013,11,5,48
"ERR1217214","ST405","≤0.06","S","Italy",43.6082045,13.455575,2013,11,6,0.06
"ERR1217215","ST512",">32","R","Italy",43.6082045,13.455575,2013,11,7,48
"ERR1217217","ST512",">32","R","Italy",43.6082045,13.455575,2013,11,9,48
"ERR1217218","ST512",">32","R","Italy",43.6082045,13.455575,2013,11,12,48
"ERR1217219","ST280","≤0.06","S","Italy",43.6082045,13.455575,2013,11,19,0.06
"ERR1217220","ST512",">32","R","Italy",43.6082045,13.455575,2013,11,15,48
"ERR1217222","ST512",">32","R","Italy",43.6082045,13.455575,2013,11,19,48
"ERR1217223","ST2938","≤0.06","S","Italy",43.6082045,13.455575,2013,11,22,0.06
"ERR1217224","ST512",">32","R","Italy",43.6082045,13.455575,2013,11,22,48
"ERR1217225","ST45","≤0.06","S","Italy",43.6082045,13.455575,2013,11,22,0.06
"ERR1217227","ST221","≤0.06","S","Italy",41.8726796,12.4495811,2013,11,24,0.06
"ERR1217229","ST104","≤0.06","S","Italy",41.8726796,12.4495811,2013,11,16,0.06
"ERR1217230","ST512",">32","R","Italy",41.8726796,12.4495811,2013,11,17,48
"ERR1217231","ST39","≤0.06","S","Italy",41.8726796,12.4495811,2013,11,4,0.06
"ERR1217232","ST15","16","R","Italy",41.8726796,12.4495811,2013,11,23,16
"ERR1217233","ST3656","≤0.06","S","Italy",41.8726796,12.4495811,2013,11,18,0.06
"ERR1217234","ST512",">32","R","Italy",41.8726796,12.4495811,2013,11,7,48
"ERR1217235","ST512","≤0.06","S","Italy",41.8726796,12.4495811,2013,11,16,0.06
"ERR1217236","ST20","16","R","Italy",41.8726796,12.4495811,2013,11,11,16
"ERR1217239","ST512","≤0.06","S","Italy",41.8726796,12.4495811,2013,11,5,0.06
"ERR1217241","ST512","4","I","Italy",41.8726796,12.4495811,2013,11,1,4
"ERR1217242","ST107","≤0.06","S","Italy",41.8726796,12.4495811,2013,11,24,0.06
"ERR1217243","ST1418","≤0.06","S","Italy",41.8726796,12.4495811,2013,11,27,0.06
"ERR1217244","ST11","8","I","Italy",41.9472267,12.4151045,2013,11,2,8
"ERR1217245","ST2791","≤0.06","S","Italy",41.9472267,12.4151045,2013,11,3,0.06
"ERR1217246","ST512",">32","R","Italy",41.9472267,12.4151045,2013,11,4,48
"ERR1217249","ST307","≤0.06","S","Italy",41.9472267,12.4151045,2013,11,26,0.06
"ERR1217250","ST258",">32","R","Italy",41.9472267,12.4151045,2013,11,19,48
"ERR1217251","ST36","≤0.06","S","Italy",41.9472267,12.4151045,2013,11,23,0.06
"ERR1217252","ST512","32","R","Italy",41.9472267,12.4151045,2013,11,25,32
"ERR1217253","ST307","4","I","Italy",41.9472267,12.4151045,2013,12,4,4
"ERR1217254","ST258",">32","R","Italy",41.9472267,12.4151045,2013,12,14,48
"ERR1217256","ST512",">32","R","Italy",41.9472267,12.4151045,2013,12,14,48
"ERR1217257","ST512",">32","R","Italy",41.9472267,12.4151045,2014,1,1,48
"ERR1217259","ST307","8","I","Italy",41.9472267,12.4151045,2014,1,6,8
"ERR1217261","ST512",">32","R","Italy",41.4568925,15.5236318,2013,11,1,48
"ERR1217263","ST512",">32","R","Italy",41.4568925,15.5236318,2013,11,2,48
"ERR1217264","ST416","≤0.06","S","Italy",41.4568925,15.5236318,2013,11,3,0.06
"ERR1217265","ST512",">32","R","Italy",41.4568925,15.5236318,2013,11,4,48
"ERR1217266","ST512","≤0.06","S","Italy",41.4568925,15.5236318,2013,11,4,0.06
"ERR1217267","ST512",">32","R","Italy",41.4568925,15.5236318,2013,11,4,48
"ERR1217268","ST512","≤0.06","S","Italy",41.4568925,15.5236318,2013,11,9,0.06
"ERR1217271","ST15","≤0.06","S","Italy",41.4568925,15.5236318,2013,11,11,0.06
"ERR1217272","ST512",">32","R","Italy",41.4568925,15.5236318,2013,11,8,48
"ERR1217274","ST512","8","I","Italy",41.4568925,15.5236318,2013,11,11,8
"ERR1217275","ST14","≤0.06","S","Italy",41.4568925,15.5236318,2013,11,12,0.06
"ERR1217279","ST512",">32","R","Italy",45.1193476,7.7061494,2013,11,7,48
"ERR1217280","ST20","≤0.06","S","Italy",45.1193476,7.7061494,2013,11,7,0.06
"ERR1217281","ST512",">32","R","Italy",45.1193476,7.7061494,2013,11,11,48
"ERR1217282","ST37","≤0.06","S","Italy",45.1193476,7.7061494,2013,11,13,0.06
"ERR1217283","ST512",">32","R","Italy",45.1193476,7.7061494,2013,11,10,48
"ERR1217285","ST512",">32","R","Italy",45.1193476,7.7061494,2013,11,11,48
"ERR1217286","ST15","≤0.06","S","Italy",45.1193476,7.7061494,2013,11,14,0.06
"ERR1217287","ST512",">32","R","Italy",45.1193476,7.7061494,2013,12,2,48
"ERR1217289","ST512",">32","R","Italy",45.1193476,7.7061494,2013,12,14,48
"ERR1217291","ST512",">32","R","Italy",45.1193476,7.7061494,2013,12,30,48
"ERR1217292","ST307","≤0.06","S","Italy",45.1193476,7.7061494,2013,11,18,0.06
"ERR1217293","ST512",">32","R","Italy",45.1193476,7.7061494,2013,12,31,48
"ERR1217295","ST661","≤0.06","S","Italy",45.1193476,7.7061494,2013,12,12,0.06
"ERR1217296","ST512",">32","R","Italy",44.9151913,8.6213461,2013,11,2,48
"ERR1217297","ST3657","≤0.06","S","Italy",44.9151913,8.6213461,2013,11,6,0.06
"ERR1217298","ST512",">32","R","Italy",44.9151913,8.6213461,2013,11,6,48
"ERR1217299","ST20","≤0.06","S","Italy",44.9151913,8.6213461,2014,3,17,0.06
"ERR1217300","ST512",">32","R","Italy",44.9151913,8.6213461,2013,11,8,48
"ERR1217302","ST512",">32","R","Italy",44.9151913,8.6213461,2013,12,13,48
"ERR1217305","ST11","0.12","S","Italy",44.9151913,8.6213461,2013,11,21,0.12
"ERR1217307","ST1017","≤0.06","S","Italy",44.9151913,8.6213461,2014,1,2,0.06
"ERR1217308","ST512",">32","R","Italy",44.9151913,8.6213461,2013,12,21,48
"ERR1217309","ST1017","≤0.06","S","Italy",44.9151913,8.6213461,2014,1,2,0.06
"ERR1217310","ST512",">32","R","Italy",44.9151913,8.6213461,2014,1,3,48
"ERR1217311","ST985","≤0.06","S","Italy",44.9151913,8.6213461,2014,1,17,0.06
"ERR1217312","ST512",">32","R","Italy",44.9151913,8.6213461,2014,1,2,48
"ERR1217313","ST2777","≤0.06","S","Italy",44.9151913,8.6213461,2014,2,7,0.06
"ERR1217314","ST258","16","R","Italy",44.9151913,8.6213461,2014,1,4,16
"ERR1217315","ST258",">32","R","Italy",45.459792,9.1968058,2014,1,7,48
"ERR1217316","ST45","≤0.06","S","Italy",45.459792,9.1968058,2014,1,10,0.06
"ERR1217317","ST512",">32","R","Italy",45.459792,9.1968058,2014,1,7,48
"ERR1217318","ST1626","≤0.06","S","Italy",45.459792,9.1968058,2014,1,10,0.06
"ERR1217319","ST258",">32","R","Italy",45.459792,9.1968058,2014,1,10,48
"ERR1217321","ST258",">32","R","Italy",45.459792,9.1968058,2014,1,8,48
"ERR1217322","ST268","≤0.06","S","Italy",45.459792,9.1968058,2014,1,14,0.06
"ERR1217323","ST1626","≤0.06","S","Italy",45.459792,9.1968058,2014,1,15,0.06
"ERR1217324","ST258",">32","R","Italy",45.459792,9.1968058,2014,1,13,48
"ERR1217325","ST23","≤0.06","S","Italy",45.459792,9.1968058,2014,1,13,0.06
"ERR1217327","ST17","≤0.06","S","Italy",45.459792,9.1968058,2014,1,17,0.06
"ERR1217328","ST512",">32","R","Italy",45.459792,9.1968058,2014,1,14,48
"ERR1217329","ST1013","≤0.06","S","Italy",45.459792,9.1968058,2014,1,21,0.06
"ERR1217330","ST11","≤0.06","S","Italy",45.459792,9.1968058,2014,1,22,0.06
"ERR1217335","ST512",">32","R","Italy",45.5107612,12.2217166,2013,12,1,48
"ERR1217336","ST307","≤0.06","S","Italy",45.5107612,12.2217166,2013,12,15,0.06
"ERR1217337","ST258","32","R","Italy",45.5107612,12.2217166,2013,12,16,32
"ERR1217338","ST380","≤0.06","S","Italy",45.5107612,12.2217166,2014,1,13,0.06
"ERR1217340","ST449","≤0.06","S","Italy",45.5107612,12.2217166,2014,1,14,0.06
"ERR1217341","ST258","32","R","Italy",45.5107612,12.2217166,2013,12,30,32
"ERR1217342","ST35","≤0.06","S","Italy",45.5107612,12.2217166,2014,1,18,0.06
"ERR1217343","ST258","16","R","Italy",45.5107612,12.2217166,2013,12,31,16
"ERR1217344","ST902","≤0.06","S","Italy",45.5107612,12.2217166,2014,1,31,0.06
"ERR1217347","ST512",">32","R","Italy",45.5107612,12.2217166,2014,3,21,48
"ERR1217349","ST512",">32","R","Italy",45.5107612,12.2217166,2014,1,6,48
"ERR1217350","ST463","≤0.06","S","Italy",45.5107612,12.2217166,2014,2,20,0.06
"ERR1217352","ST278","≤0.06","S","Italy",45.5107612,12.2217166,2014,3,6,0.06
"ERR1217353","ST512",">32","R","Italy",45.3179012,8.4144435,2013,11,5,48
"ERR1217355","ST512","32","R","Italy",45.3179012,8.4144435,2013,11,1,32
"ERR1217357","ST512",">32","R","Italy",45.3179012,8.4144435,2013,11,4,48
"ERR1217360","ST405","≤0.06","S","Italy",45.3179012,8.4144435,2014,3,14,0.06
"ERR1217363","ST512",">32","R","Italy",45.3179012,8.4144435,2013,11,22,48
"ERR1217365","ST512",">32","R","Italy",45.3179012,8.4144435,2013,12,4,48
"ERR1217367","ST25","≤0.06","S","Italy",45.3179012,8.4144435,2014,3,26,0.06
"ERR1217368","ST512",">32","R","Italy",45.3179012,8.4144435,2014,1,29,48
"ERR1217370","ST512",">32","R","Italy",45.3179012,8.4144435,2014,1,24,48
"ERR1217371","ST111","≤0.06","S","Italy",45.3179012,8.4144435,2014,4,4,0.06
"ERR1217374","ST628","≤0.06","S","Italy",43.822305,7.7779628,2014,1,13,0.06
"ERR1217375","ST101",">32","R","Italy",43.822305,7.7779628,2013,12,9,48
"ERR1217380","ST45","≤0.06","S","Italy",43.822305,7.7779628,2014,3,8,0.06
"ERR1217382","ST101",">32","R","Italy",43.822305,7.7779628,2014,1,4,48
"ERR1217385","ST3658","≤0.06","S","Italy",43.822305,7.7779628,2014,4,17,0.06
"ERR1217387","ST180","≤0.06","S","Italy",43.822305,7.7779628,2014,4,17,0.06
"ERR1217389","ST14","≤0.06","S","Italy",43.822305,7.7779628,2014,4,22,0.06
"ERR1217390","ST512",">32","R","Italy",43.1053875,12.3264716,2013,11,16,48
"ERR1217393","ST432","≤0.06","S","Italy",43.1053875,12.3264716,2014,3,5,0.06
"ERR1217395","ST45","≤0.06","S","Italy",43.1053875,12.3264716,2014,4,7,0.06
"ERR1217396","ST512",">32","R","Italy",43.1053875,12.3264716,2013,12,4,48
"ERR1217402","ST512",">32","R","Italy",43.1053875,12.3264716,2014,2,10,48
"ERR1217406","ST45","≤0.06","S","Italy",38.11,15.64,2014,4,7,0.06
"ERR1217407","ST512","32","R","Italy",43.1053875,12.3264716,2014,4,14,32
"ERR1217409","ST512",">32","R","Italy",38.11,15.64,2013,11,13,48
"ERR1217410","ST1536","≤0.06","S","Italy",38.11,15.64,2014,4,11,0.06
"ERR1217411","ST512",">32","R","Italy",38.11,15.64,2013,12,3,48
"ERR1217412","ST36","≤0.06","S","Italy",38.11,15.64,2014,4,15,0.06
"ERR1217413","ST512",">32","R","Italy",38.11,15.64,2013,12,2,48
"ERR1217415","ST512",">32","R","Italy",38.11,15.64,2014,1,8,48
"ERR1217417","ST258",">32","R","Italy",38.11,15.64,2014,2,11,48
"ERR1217419","ST512",">32","R","Italy",38.11,15.64,2014,2,26,48
"ERR1217420","ST405","≤0.06","S","Italy",43.8067041,11.2438472,2013,11,1,0.06
"ERR1217421","ST258",">32","R","Italy",38.11,15.64,2014,3,25,48
"ERR1217422","ST1401","≤0.06","S","Italy",43.8067041,11.2438472,2013,11,2,0.06
"ERR1217423","ST512",">32","R","Italy",38.11,15.64,2014,3,27,48
"ERR1217425","ST512",">32","R","Italy",38.11,15.64,2014,4,1,48
"ERR1217426","ST512",">32","R","Italy",38.11,15.64,2014,4,14,48
"ERR1217427","ST471","≤0.06","S","Italy",43.8067041,11.2438472,2013,11,4,0.06
"ERR1217428","ST512",">32","R","Italy",43.8067041,11.2438472,2013,11,2,48
"ERR1217430","ST512",">32","R","Italy",43.8067041,11.2438472,2013,11,2,48
"ERR1217432","ST101",">32","R","Italy",43.8067041,11.2438472,2013,11,4,48
"ERR1217433","ST512",">32","R","Italy",43.8067041,11.2438472,2013,11,11,48
"ERR1217434","ST36","≤0.06","S","Italy",40.86466,14.2214853,2014,4,11,0.06
"ERR1217437","ST512",">32","R","Italy",40.86466,14.2214853,2014,2,26,48
"ERR1217439","ST35","≤0.06","S","Italy",43.3431864,11.3273098,2013,11,5,0.06
"ERR1217440","ST512","32","R","Italy",43.3431864,11.3273098,2013,11,8,32
"ERR1217443","ST3662","≤0.06","S","Italy",43.3431864,11.3273098,2013,11,6,0.06
"ERR1217450","ST34","≤0.06","S","Italy",43.3431864,11.3273098,2013,11,11,0.06
"ERR1217451","ST323","4","I","Italy",43.3431864,11.3273098,2013,12,10,4
"ERR1217453","ST512","32","R","Italy",43.3431864,11.3273098,2013,12,12,32
"ERR1217454","ST405","≤0.06","S","Italy",45.6982642,9.6772698,2013,12,4,0.06
"ERR1217455","ST512",">32","R","Italy",43.3431864,11.3273098,2013,12,18,48
"ERR1217456","ST3663","≤0.06","S","Italy",45.6982642,9.6772698,2014,10,18,0.06
"ERR1217457","ST512",">32","R","Italy",43.3431864,11.3273098,2013,12,30,48
"ERR1217458","ST719","≤0.06","S","Italy",45.6982642,9.6772698,2014,3,27,0.06
"ERR1217459","ST512",">32","R","Italy",43.3431864,11.3273098,2013,12,30,48
"ERR1217465","ST512",">32","R","Italy",45.6982642,9.6772698,2013,11,3,48
"ERR1217467","ST307","32","R","Italy",45.6982642,9.6772698,2013,11,22,32
"ERR1217468","ST17","≤0.06","S","Italy",45.6982642,9.6772698,2014,3,28,0.06
"ERR1217471","ST307","16","R","Italy",45.6982642,9.6772698,2013,11,18,16
"ERR1217475","ST512",">32","R","Italy",45.6982642,9.6772698,2014,2,17,48
"ERR1217480","ST86","1","S","Latvia",56.9328855,24.068306,2014,3,15,1
"ERR1228139","ST471","≤0.06","S","Italy",43.8067041,11.2438472,2013,11,4,0.06
"ERR1228140","ST512",">32","R","Italy",43.8067041,11.2438472,2013,11,4,48
"ERR1228142","ST512",">32","R","Italy",43.8067041,11.2438472,2013,11,16,48
"ERR1228146","ST2217","8","I","Italy",40.86466,14.2214853,2014,3,19,8
"ERR1228149","ST2217","4","I","Italy",40.86466,14.2214853,2014,3,19,4
"ERR1228154","ST512",">32","R","Italy",40.86466,14.2214853,2014,4,15,48
"ERR1228156","ST512",">32","R","Italy",40.86466,14.2214853,2014,4,24,48
"ERR1228158","ST258","16","R","Italy",40.86466,14.2214853,2014,4,28,16
"ERR1228159","ST86","≤0.06","S","Italy",45.6608377,12.2575923,2014,4,24,0.06
"ERR1228160","ST258","8","I","Italy",40.86466,14.2214853,2014,4,29,8
"ERR1228162","ST512",">32","R","Italy",45.6608377,12.2575923,2013,12,30,48
"ERR1228166","ST15","≤0.06","S","Italy",45.6608377,12.2575923,2014,3,3,0.06
"ERR1228172","ST37","≤0.06","S","Italy",46.0630439,13.2328871,2013,11,22,0.06
"ERR1228173","ST512",">32","R","Italy",45.6608377,12.2575923,2014,3,6,48
"ERR1228177","ST870","2","S","Italy",46.0630439,13.2328871,2013,11,12,2
"ERR1228178","ST310","≤0.06","S","Italy",46.0630439,13.2328871,2014,2,2,0.06
"ERR1228179","ST466","≤0.06","S","Italy",46.0630439,13.2328871,2014,4,11,0.06
"ERR1228180","ST512",">32","R","Italy",46.0630439,13.2328871,2013,11,19,48
"ERR1228182","ST512",">32","R","Italy",46.0630439,13.2328871,2013,12,4,48
"ERR1228183","ST881","≤0.06","S","Italy",46.0630439,13.2328871,2013,12,10,0.06
"ERR1228184","ST512",">32","R","Italy",46.0630439,13.2328871,2014,2,5,48
"ERR1228185","ST45","≤0.06","S","Italy",41.87,12.48,2013,11,4,0.06
"ERR1228186","ST512",">32","R","Italy",46.0630439,13.2328871,2014,2,6,48
"ERR1228188","ST512",">32","R","Italy",46.0630439,13.2328871,2014,2,14,48
"ERR1228189","ST405","≤0.06","S","Italy",41.87,12.48,2013,12,9,0.06
"ERR1228190","ST512",">32","R","Italy",46.0630439,13.2328871,2014,4,17,48
"ERR1228191","ST45","≤0.06","S","Italy",41.87,12.48,2014,2,3,0.06
"ERR1228192","ST512",">32","R","Italy",41.87,12.48,2013,11,4,48
"ERR1228193","ST433","≤0.06","S","Italy",41.87,12.48,2014,1,31,0.06
"ERR1228195","ST512",">32","R","Italy",41.87,12.48,2013,11,18,48
"ERR1228196","ST512","0.12","S","Italy",44.8323024,11.6318629,2014,5,2,0.12
"ERR1228197","ST512","32","R","Italy",41.87,12.48,2013,11,12,32
"ERR1228198","ST512",">32","R","Italy",44.8323024,11.6318629,2014,5,2,48
"ERR1228199","ST512",">32","R","Italy",41.87,12.48,2013,11,28,48
"ERR1228203","ST512","8","I","Italy",44.8323024,11.6318629,2014,4,18,8
"ERR1228204","ST1471","≤0.06","S","Italy",44.8323024,11.6318629,2014,2,17,0.06
"ERR1228205","ST512",">32","R","Italy",44.8323024,11.6318629,2014,4,18,48
"ERR1228208","ST1628","≤0.06","S","Italy",45.8521198,9.4151196,2013,11,8,0.06
"ERR1228209","ST258","32","R","Italy",44.8323024,11.6318629,2014,4,29,32
"ERR1228210","ST37","≤0.06","S","Italy",45.8521198,9.4151196,2013,11,13,0.06
"ERR1228211","ST512",">32","R","Italy",44.8323024,11.6318629,2014,4,30,48
"ERR1228217","ST307","2","S","Italy",45.8521198,9.4151196,2013,11,12,2
"ERR1228220","ST17","≤0.06","S","Italy",45.8521198,9.4151196,2014,2,8,0.06
"ERR1228221","ST512",">32","R","Italy",45.8521198,9.4151196,2013,11,25,48
"ERR1228227","ST11","≤0.06","S","Italy",43.3431864,11.3273098,2013,11,2,0.06
"ERR1228228","ST512",">32","R","Italy",45.8521198,9.4151196,2014,2,10,48
"ERR1228230","ST512","32","R","Italy",45.8521198,9.4151196,2014,2,15,32
"ERR1228243","ST889","≤0.06","S","Bulgaria",42.6840436,23.3073369,2014,4,1,0.06
"ERR1228245","ST11","32","R","Bulgaria",42.6840436,23.3073369,2014,3,28,32
"ERR1228248","ST525","2","S","Hungary",47.488,19.0674,2013,11,19,2
"ERR1228250","ST15","0.5","S","Hungary",46.3452,18.7011,2013,11,13,0.5
"ERR1228251","ST15","1","S","Hungary",46.0729,18.2225,2013,11,1,1
"ERR1228252","ST15","0.25","S","Hungary",46.0729,18.2225,2013,11,1,0.25
"ERR1228253","ST15","0.5","S","Hungary",46.0729,18.2225,2013,11,3,0.5
"ERR1228254","ST15","1","S","Hungary",46.0729,18.2225,2013,11,4,1
"ERR1228255","ST15","1","S","Hungary",46.0729,18.2225,2013,11,4,1
"ERR1228259","ST15","0.25","S","Hungary",46.0729,18.2225,2013,11,12,0.25
"ERR1228260","ST15","0.5","S","Hungary",46.0729,18.2225,2013,12,2,0.5
"ERR1228262","ST15","2","S","Hungary",48.1158,20.7902,2013,11,2,2
"ERR1228264","ST11","0.25","S","Hungary",48.1158,20.7902,2013,11,5,0.25
"ERR1228265","ST15","1","S","Hungary",48.1158,20.7902,2013,11,6,1
"ERR1228266","ST15","1","S","Hungary",48.1158,20.7902,2013,11,16,1
"ERR1228269","ST11","0.12","S","Hungary",48.1158,20.7902,2013,11,23,0.12
"ERR1228270","ST15","1","S","Hungary",48.1158,20.7902,2013,11,26,1
"ERR1228271","ST11","0.25","S","Hungary",47.5559,21.6264,2013,12,6,0.25
"ERR1228272","ST15","0.5","S","Hungary",46.3452,18.7011,2013,12,10,0.5
"ERR1228274","ST11","≤0.06","S","Hungary",47.488,19.0674,2014,1,31,0.06
"ERR1228275","ST15","1","S","Hungary",46.3452,18.7011,2014,2,20,1
"ERR1228278","ST11","0.12","S","Hungary",47.5302,19.0711,2014,4,27,0.12
"ERR1228280","ST11","0.12","S","Hungary",47.5302,19.0711,2014,4,8,0.12
"ERR1228283","ST15","1","S","Hungary",46.2464,20.1479,2013,11,1,1
"ERR1228289","ST15","0.12","S","Hungary",46.0729,18.2225,2013,11,4,0.12
"ERR1228291","ST15","≤0.06","S","Hungary",46.0729,18.2225,2013,11,6,0.06
"ERR1228295","ST4065","≤0.06","S","Hungary",48.1158,20.7902,2013,11,2,0.06
"ERR1228296","ST15","≤0.06","S","Hungary",48.1158,20.7902,2013,11,5,0.06
"ERR1228297","ST230","≤0.06","S","Hungary",48.1158,20.7902,2013,11,5,0.06
"ERR1228298","ST11","≤0.06","S","Hungary",48.1158,20.7902,2013,11,26,0.06
"ERR1228299","ST147","≤0.06","S","Hungary",48.1158,20.7902,2013,11,26,0.06
"ERR1228303","ST200","≤0.06","S","Hungary",46.3452,18.7011,2014,4,27,0.06
"ERR1228341","ST15","2","S","Spain",40.3157234,-3.7365685,2013,11,4,2
"ERR1228344","ST11",">32","R","Spain",40.4344241,-3.6757212,2013,11,6,48
"ERR1228345","ST11","0.5","S","Spain",40.4344241,-3.6757212,2013,11,6,0.5
"ERR1228351","ST15","32","R","Spain",28.4607551,-16.2932403,2013,11,4,32
"ERR1228352","ST15","2","S","Spain",28.4607551,-16.2932403,2013,11,16,2
"ERR1228353","ST15",">32","R","Spain",28.4607551,-16.2932403,2013,11,4,48
"ERR1228355","ST1961",">32","R","Spain",42.4292674,-8.6375562,2013,11,13,48
"ERR1228357","ST405","4","I","Spain",40.4344241,-3.6757212,2013,11,18,4
"ERR1228359","ST11","8","I","Spain",36.7227176,-4.4504714,2013,11,29,8
"ERR1228360","ST15","2","S","Spain",36.7227176,-4.4504714,2014,1,19,2
"ERR1228364","ST405","4","I","Spain",37.6262541,-1.0007776,2013,11,20,4
"ERR1228366","ST11","2","S","Spain",40.4523623,-3.8761337,2013,12,2,2
"ERR1228367","ST661","2","S","Spain",40.4344241,-3.6757212,2013,11,28,2
"ERR1228371","ST11","8","I","Spain",38.96924,-3.9288716,2013,12,5,8
"ERR1228373","ST11","0.5","S","Spain",40.4344241,-3.6757212,2013,12,6,0.5
"ERR1228374","ST45","≤0.06","S","Spain",40.3157234,-3.7365685,2013,12,8,0.06
"ERR1228376","ST15","16","R","Spain",28.4607551,-16.2932403,2013,11,28,16
"ERR1228377","ST15","16","R","Spain",28.4607551,-16.2932403,2013,12,10,16
"ERR1228380","ST11","0.5","S","Spain",40.4344241,-3.6757212,2013,12,17,0.5
"ERR1228382","ST11","0.5","S","Spain",40.618853,-3.1526138,2013,12,17,0.5
"ERR1228384","ST2176","≤0.06","S","Spain",38.96924,-3.9288716,2013,12,13,0.06
"ERR1228387","ST11","0.12","S","Spain",40.4344241,-3.6757212,2013,12,30,0.12
"ERR1228398","ST11","2","S","Spain",38.96924,-3.9288716,2014,1,3,2
"ERR1228400","ST405","0.5","S","Spain",41.557191,2.110294,2013,12,28,0.5
"ERR1228401","ST392","2","S","Spain",41.557191,2.110294,2014,1,10,2
"ERR1228402","ST405","4","I","Spain",41.557191,2.110294,2013,12,14,4
"ERR1228403","ST405","4","I","Spain",41.557191,2.110294,2014,1,9,4
"ERR1228404","ST17","≤0.06","S","Spain",40.618853,-3.1526138,2014,1,15,0.06
"ERR1289695","ST147","0.5","S","Spain",43.3577052,-5.8659327,2014,3,31,0.5
"ERR1289697","ST104","≤0.06","S","Spain",43.3577052,-5.8659327,2014,3,17,0.06
"ERR1289699","ST104","≤0.06","S","Spain",43.3577052,-5.8659327,2014,3,17,0.06
"ERR1289701","ST6","≤0.06","S","Spain",41.6313505,-4.7124373,2014,1,30,0.06
"ERR1289705","ST405","≤0.06","S","Spain",40.8119227,0.5267265,2014,4,27,0.06
"ERR1289707","ST15","≤0.06","S","Spain",40.4523623,-3.8761337,2013,11,18,0.06
"ERR1289709","ST792","≤0.06","S","Spain",40.4523623,-3.8761337,2013,10,11,0.06
"ERR1289711","ST147","≤0.06","S","Spain",40.4523623,-3.8761337,2013,11,4,0.06
"ERR1289712","ST147","≤0.06","S","Spain",40.4523623,-3.8761337,2013,11,14,0.06
"ERR1289713","ST11","0.25","S","Spain",40.4523623,-3.8761337,2013,11,19,0.25
"ERR1289715","ST134","≤0.06","S","Spain",40.4523623,-3.8761337,2014,12,4,0.06
"ERR1289719","ST405","1","S","Spain",41.4152041,2.1758029,2013,11,25,1
"ERR1289720","ST215","≤0.06","S","Spain",41.4152041,2.1758029,2014,2,24,0.06
"ERR1289722","ST13","≤0.06","S","Spain",41.4152041,2.1758029,2014,3,6,0.06
"ERR1289723","ST258","8","I","Spain",41.4152041,2.1758029,2014,3,6,8
"ERR1289724","ST433","≤0.06","S","Spain",41.4152041,2.1758029,2014,4,7,0.06
"ERR1289725","ST258","8","I","Spain",41.4152041,2.1758029,2014,4,7,8
"ERR1289726","ST35","≤0.06","S","Spain",41.4152041,2.1758029,2014,4,29,0.06
"ERR1289727","ST258","16","R","Spain",41.4152041,2.1758029,2014,4,29,16
"ERR1289728","ST45","4","I","Luxembourg",49.5010414,5.9834258,2013,11,7,4
"ERR1289729","ST45","4","I","Luxembourg",49.6187253,6.1011013,2013,11,14,4
"ERR1289730","ST395","≤0.06","S","Luxembourg",49.5010414,5.9834258,2013,11,27,0.06
"ERR1289731","ST437","0.12","S","Croatia",45.8297555,15.9801412,2014,4,14,0.12
"ERR1289737","ST101","0.25","S","Greece",40.6393495,22.9446064,2013,11,27,0.25
"ERR1289738","ST6","≤0.06","S","Greece",39.6459325,19.8480094,2013,11,29,0.06
"ERR1289740","ST35","≤0.06","S","Greece",40.6393495,22.9446064,2013,12,12,0.06
"ERR1289741","ST11","16","R","Greece",39.6459325,19.8480094,2013,12,19,16
"ERR1289747","ST11",">32","R","Greece",39.6459325,19.8480094,2014,1,5,48
"ERR1289748","ST11","32","R","Greece",39.6459325,19.8480094,2014,1,24,32
"ERR1289751","ST258",">32","R","Greece",35.4829528,24.0130197,2013,12,1,48
"ERR1289754","ST307","0.5","S","Greece",35.4829528,24.0130197,2013,12,12,0.5
"ERR1289760","ST20","0.5","S","Greece",35.4829528,24.0130197,2014,2,3,0.5
"ERR1289762","ST258","32","R","Greece",40.6273787,23.047643,2014,1,14,32
"ERR1289765","ST258",">32","R","Greece",40.6273787,23.047643,2013,11,9,48
"ERR1289767","ST491","≤0.06","S","Greece",40.6273787,23.047643,2013,11,7,0.06
"ERR1289769","ST610","≤0.06","S","Greece",40.6273787,23.047643,2013,11,2,0.06
"ERR1289771","ST147","0.12","S","Greece",40.6393495,22.9446064,2014,1,20,0.12
"ERR1289772","ST101","≤0.06","S","Greece",40.6393495,22.9446064,2014,2,14,0.06
"ERR1289774","ST11","32","R","Greece",38.0524345,23.8199058,2014,3,3,32
"ERR1289776","ST383","≤0.06","S","Greece",38.0524345,23.8199058,2014,3,6,0.06
"ERR1289789","ST42","≤0.06","S","Spain",38.3630812,-0.4852992,2014,3,24,0.06
"ERR1289790","ST323","≤0.06","S","Spain",38.3630812,-0.4852992,2014,3,24,0.06
"ERR1289803","ST466","≤0.06","S","Spain",41.557191,2.110294,2014,1,12,0.06
"ERR1289804","ST35","≤0.06","S","Spain",41.557191,2.110294,2014,1,2,0.06
"ERR1289805","ST3645","≤0.06","S","Spain",41.557191,2.110294,2014,1,13,0.06
"ERR1289806","ST542","≤0.06","S","Spain",41.557191,2.110294,2014,1,17,0.06
"ERR1289807","ST42","≤0.06","S","Spain",41.557191,2.110294,2014,1,27,0.06
"ERR1289808","ST405","2","S","Spain",41.557191,2.110294,2014,1,16,2
"ERR1289809","ST405","8","I","Spain",41.557191,2.110294,2014,1,16,8
"ERR1289810","ST449","≤0.06","S","Spain",41.557191,2.110294,2014,1,29,0.06
"ERR1289812","ST942","≤0.06","S","Spain",37.6262541,-1.0007776,2014,2,2,0.06
"ERR1289813","ST278","≤0.06","S","Spain",43.5246492,-5.6086529,2014,3,18,0.06
"ERR1289815","ST353","≤0.06","S","Spain",43.5246492,-5.6086529,2014,4,8,0.06
"ERR1289816","ST65","≤0.06","S","Spain",43.5246492,-5.6086529,2014,4,1,0.06
"ERR1289818","ST15","0.25","S","Spain",41.6313505,-4.7124373,2014,4,9,0.25
"ERR1289820","ST65","≤0.06","S","Spain",42.8555169,-2.6883418,2014,4,1,0.06
"ERR1289821","ST45","≤0.06","S","Spain",42.8056327,-1.6621612,2014,7,3,0.06
"ERR1289822","ST323","≤0.06","S","Spain",42.8056327,-1.6621612,2014,7,3,0.06
"ERR1289826","ST405","≤0.06","S","Spain",41.6313505,-4.7124373,2014,1,14,0.06
"ERR1289830","ST3646","≤0.06","S","Spain",42.8555169,-2.6883418,2014,4,22,0.06
"ERR1289832","ST392","≤0.06","S","Spain",36.7227176,-4.4504714,2014,4,30,0.06
"ERR1289835","ST147","2","S","Spain",38.3630812,-0.4852992,2014,4,29,2
"ERR1289839","ST33","≤0.06","S","Spain",28.4607551,-16.2932403,2013,12,3,0.06
"ERR1289841","ST37","≤0.06","S","Spain",28.4607551,-16.2932403,2014,1,2,0.06
"ERR1289842","ST3647","≤0.06","S","Spain",28.4607551,-16.2932403,2014,2,6,0.06
"ERR1289843","ST14","≤0.06","S","Spain",28.4607551,-16.2932403,2014,2,12,0.06
"ERR1289844","ST16","≤0.06","S","Spain",28.4607551,-16.2932403,2014,7,3,0.06
"ERR1289847","ST16","2","S","Spain",43.3577052,-5.8659327,2014,3,4,2
"ERR1289854","ST35","≤0.06","S","Spain",43.3577052,-5.8659327,2014,3,10,0.06
"ERR1289855","ST278","≤0.06","S","Spain",43.3577052,-5.8659327,2014,3,10,0.06
"ERR1289856","ST453","≤0.06","S","Spain",43.3577052,-5.8659327,2014,1,8,0.06
"ERR1289857","ST268","≤0.06","S","Spain",43.3577052,-5.8659327,2014,3,25,0.06
"ERR1334418","ST11","16","R","Greece",39.6459325,19.8480094,2013,11,26,16
"ERR1334420","ST258","16","R","Greece",39.6459325,19.8480094,2013,11,24,16
"ERR1334421","ST1916","≤0.06","S","Greece",40.6393495,22.9446064,2013,11,27,0.06
"ERR1334422","ST37","≤0.06","S","Greece",40.6393495,22.9446064,2013,11,28,0.06
"ERR1334424","ST11","32","R","Greece",39.6459325,19.8480094,2013,12,4,32
"ERR1334425","ST11","4","I","Greece",39.6459325,19.8480094,2013,12,12,4
"ERR1334426","ST30","≤0.06","S","Greece",39.6459325,19.8480094,2013,12,13,0.06
"ERR1334430","ST3370","≤0.06","S","Greece",40.6393495,22.9446064,2013,12,30,0.06
"ERR1334433","ST258",">32","R","Greece",35.4829528,24.0130197,2014,1,24,48
"ERR1334434","ST17","≤0.06","S","Greece",35.4829528,24.0130197,2013,12,3,0.06
"ERR1334438","ST2451","≤0.06","S","Greece",35.4829528,24.0130197,2014,1,10,0.06
"ERR1334440","ST86","≤0.06","S","Greece",35.4829528,24.0130197,2014,2,6,0.06
"ERR1334441","ST258","4","I","Greece",40.6273787,23.047643,2014,1,23,4
"ERR1334442","ST39","32","R","Greece",40.6273787,23.047643,2013,12,2,32
"ERR1334444","ST258","4","I","Greece",40.6273787,23.047643,2013,11,5,4
"ERR1334447","ST20","≤0.06","S","Greece",40.6273787,23.047643,2013,11,6,0.06
"ERR1334448","ST3072","≤0.06","S","Greece",40.6273787,23.047643,2013,11,5,0.06
"ERR1334451","ST258",">32","R","Greece",40.6393495,22.9446064,2014,2,10,48
"ERR1334454","ST14","≤0.06","S","Greece",38.0524345,23.8199058,2014,3,10,0.06
"ERR1334455","ST76","≤0.06","S","Greece",38.0524345,23.8199058,2014,3,15,0.06
"ERR1334460","ST258",">32","R","Greece",40.6349904,22.9519038,2014,3,4,48
"ERR1334464","ST36","≤0.06","S","Greece",40.6349904,22.9519038,2014,3,7,0.06
"ERR1334469","ST258",">32","R","Greece",38.0412852,23.5417553,2014,2,8,48
"ERR1334471","ST258","32","R","Greece",38.0412852,23.5417553,2014,3,21,32
"ERR1334472","ST882","≤0.06","S","Greece",38.0412852,23.5417553,2013,11,18,0.06
"ERR1334473","ST14","≤0.06","S","Greece",38.0412852,23.5417553,2013,12,15,0.06
"ERR1334474","ST45","≤0.06","S","Greece",38.0412852,23.5417553,2014,2,14,0.06
"ERR1334475","ST111","≤0.06","S","Greece",38.0412852,23.5417553,2014,1,30,0.06
"ERR1334476","ST45","≤0.06","S","Greece",38.0412852,23.5417553,2014,2,20,0.06
"ERR1334477","ST1630","≤0.06","S","Greece",38.0412852,23.5417553,2014,3,30,0.06
"ERR1334485","ST11","16","R","Greece",38.0524345,23.8199058,2014,3,27,16
"ERR1334492","ST258",">32","R","Greece",37.8453451,23.7604527,2014,2,12,48
"ERR1334494","ST258",">32","R","Greece",37.8453451,23.7604527,2014,1,25,48
"ERR1334496","ST420","8","I","Greece",37.8453451,23.7604527,2014,1,31,8
"ERR1334497","ST258",">32","R","Greece",37.8453451,23.7604527,2014,3,19,48
"ERR1334499","ST323","≤0.06","S","Greece",37.9837155,23.7293097,2014,5,7,0.06
"ERR1334503","ST29","0.12","S","Serbia",44.7994012,20.4622869,2013,11,29,0.12
"ERR1334510","ST29","≤0.06","S","Spain",38.3630812,-0.4852992,2014,1,16,0.06
"ERR1334519","ST307","≤0.06","S","Spain",38.9830546,-1.8521815,2013,12,30,0.06
"ERR1334521","ST15","≤0.06","S","Spain",40.3157234,-3.7365685,2014,1,21,0.06
"ERR1334522","ST617","≤0.06","S","Spain",40.618853,-3.1526138,2014,1,24,0.06
"ERR1334526","ST1823","≤0.06","S","Spain",40.618853,-3.1526138,2014,1,29,0.06
"ERR1334530","ST234","≤0.06","S","Spain",40.4190361,-3.6695257,2014,2,3,0.06
"ERR1334537","ST605","≤0.06","S","Spain",40.4344241,-3.6757212,2013,11,10,0.06
"ERR1334540","ST307","≤0.06","S","Spain",40.4344241,-3.6757212,2013,12,9,0.06
"ERR1334543","ST661","≤0.06","S","Spain",40.4344241,-3.6757212,2014,1,16,0.06
"ERR1334544","ST107","≤0.06","S","Spain",40.4344241,-3.6757212,2014,1,22,0.06
"ERR1334548","ST45","≤0.06","S","Spain",40.4190361,-3.6695257,2014,2,6,0.06
"ERR1334550","ST307","≤0.06","S","Spain",40.4190361,-3.6695257,2014,2,19,0.06
"ERR1334551","ST307","2","S","Spain",40.618853,-3.1526138,2014,2,12,2
"ERR1334560","ST11","≤0.06","S","Spain",40.4190361,-3.6695257,2014,2,15,0.06
"ERR1334576","ST45","≤0.06","S","Spain",36.7227176,-4.4504714,2014,3,8,0.06
"ERR1334582","ST258",">32","R","Greece",40.6349904,22.9519038,2014,3,13,48
"ERR1334583","ST258",">32","R","Greece",40.6349904,22.9519038,2014,3,19,48
"ERR1334584","ST258",">32","R","Greece",40.6349904,22.9519038,2014,3,20,48
"ERR1334585","ST29","≤0.06","S","Greece",40.6349904,22.9519038,2014,1,18,0.06
"ERR1334587","ST11","32","R","Greece",40.6349904,22.9519038,2014,3,2,32
"ERR1334590","ST29","≤0.06","S","Greece",40.6349904,22.9519038,2014,3,8,0.06
"ERR1334591","ST29","≤0.06","S","Greece",40.6349904,22.9519038,2014,3,1,0.06
"ERR1334596","ST1228","≤0.06","S","Greece",38.0412852,23.5417553,2013,11,11,0.06
"ERR1334598","ST3651","≤0.06","S","Greece",38.0412852,23.5417553,2013,12,29,0.06
"ERR1334599","ST14","≤0.06","S","Greece",38.0412852,23.5417553,2013,12,13,0.06
"ERR1334601","ST340",">32","R","Greece",38.0524345,23.8199058,2014,3,13,48
"ERR1334604","ST2513","≤0.06","S","Greece",38.0524345,23.8199058,2014,3,17,0.06
"ERR1334605","ST11",">32","R","Greece",38.0524345,23.8199058,2014,3,21,48
"ERR1334606","ST11",">32","R","Greece",38.0524345,23.8199058,2014,3,22,48
"ERR1334609","ST774","≤0.06","S","Greece",40.9380906,24.3986986,2014,3,24,0.06
"ERR1334610","ST870","≤0.06","S","Greece",37.8453451,23.7604527,2013,11,30,0.06
"ERR1334611","ST147","8","I","Greece",37.8453451,23.7604527,2013,12,23,8
"ERR1334613","ST258","16","R","Greece",37.8453451,23.7604527,2014,1,15,16
"ERR1334617","ST101","≤0.06","S","Greece",37.9837155,23.7293097,2014,5,9,0.06
"ERR1334618","ST3652","≤0.06","S","Greece",37.9837155,23.7293097,2014,5,13,0.06
"ERR1334631","ST101","0.12","S","Serbia",45.2174098,19.8562217,2013,12,26,0.12
"ERR1334740","ST307","1","S","France",47.480965,-0.554562,2014,1,22,1
"ERR1334741","ST11","≤0.06","S","Slovakia",48.743212,19.117908,2014,2,4,0.06
"ERR1334743","ST307","≤0.06","S","Italy",43.8067041,11.2438472,2013,11,4,0.06
"ERR1374861","ST45","4","I","Luxembourg",49.6187253,6.1011013,2014,1,28,4
"ERR1374862","ST3673","2","S","Slovenia",46.234649,15.262595,2014,4,14,2
"ERR1374863","ST295","≤0.06","S","Slovenia",46.051047,14.521133,2013,12,27,0.06
"ERR1374866","ST37","≤0.06","S","United Kingdom (England, Wales & N. Ireland)",53.4088246,-1.4608313,2014,2,26,0.06
"ERR1374875","ST11","32","R","United Kingdom (England, Wales & N. Ireland)",51.5526834,-0.1650921,2014,3,22,32
"ERR1374876","ST45","0.5","S","United Kingdom (England, Wales & N. Ireland)",51.5526834,-0.1650921,2014,3,11,0.5
"ERR1374878","ST1496","≤0.06","S","United Kingdom (England, Wales & N. Ireland)",52.7068433,-2.7885173,2014,1,23,0.06
"ERR1374884","ST437","4","I","Croatia",45.8153886,15.9536166,2014,3,13,4
"ERR1374888","ST502","≤0.06","S","Croatia",45.3324499,14.4246697,2014,5,7,0.06
"ERR1374894","ST101","0.12","S","Serbia",44.8027132,20.4895062,2014,3,4,0.12
"ERR1374896","ST437","32","R","Serbia",44.7994012,20.4622869,2013,12,9,32
"ERR1374897","ST101","0.12","S","Serbia",43.888908,20.35038,2014,3,11,0.12
"ERR1374898","ST101","0.25","S","Serbia",45.2174098,19.8562217,2014,2,28,0.25
"ERR1374899","ST101","0.25","S","Serbia",45.2174098,19.8562217,2013,12,17,0.25
"ERR1374900","ST101","0.25","S","Serbia",45.2174098,19.8562217,2014,2,5,0.25
"ERR1374905","ST101","0.12","S","Serbia",45.2540938,19.8242551,2013,11,21,0.12
"ERR1374907","ST101","0.12","S","Serbia",45.2540938,19.8242551,2013,12,1,0.12
"ERR1374908","ST101","0.12","S","Serbia",45.2540938,19.8242551,2014,2,11,0.12
"ERR1374910","ST101","1","S","Serbia",44.7994012,20.4622869,2013,12,16,1
"ERR1374914","ST3664","≤0.06","S","Luxembourg",49.6187253,6.1011013,2013,12,5,0.06
"ERR1374915","ST392","0.5","S","Luxembourg",49.5010414,5.9834258,2014,4,30,0.5
"ERR1374917","ST584","≤0.06","S","Luxembourg",49.5010414,5.9834258,2014,1,8,0.06
"ERR1374918","ST147","16","R","Luxembourg",49.6326375,6.1761763,2014,4,30,16
"ERR1374920","ST427","≤0.06","S","Luxembourg",49.5010414,5.9834258,2014,1,13,0.06
"ERR1374921","ST45","≤0.06","S","Luxembourg",49.5010414,5.9834258,2014,1,29,0.06
"ERR1374922","ST427","≤0.06","S","Luxembourg",49.5010414,5.9834258,2014,2,14,0.06
"ERR1374923","ST45","0.12","S","Luxembourg",49.6326375,6.1761763,2014,2,13,0.12
"ERR1374924","ST35","≤0.06","S","Luxembourg",49.5010414,5.9834258,2014,2,23,0.06
"ERR1374926","ST395","≤0.06","S","Luxembourg",49.5010414,5.9834258,2014,3,7,0.06
"ERR1374928","ST37","32","R","Luxembourg",49.6326375,6.1761763,2014,3,11,32
"ERR1374929","ST427","≤0.06","S","Luxembourg",49.5010414,5.9834258,2014,3,20,0.06
"ERR1374931","ST13","≤0.06","S","Cyprus",35.1666667,33.3666667,2014,4,23,0.06
"ERR1374936","ST258","≤0.06","S","United Kingdom (Scotland)",55.863898,-4.2368302,2013,11,4,0.06
"ERR1374947","ST502","≤0.06","S","United Kingdom (Scotland)",55.863898,-4.2368302,2014,1,23,0.06
"ERR1374954","ST873","0.12","S","United Kingdom (Scotland)",55.8652473,-4.3374448,2014,4,29,0.12
"ERR1374963","ST3672","0.12","S","United Kingdom (Scotland)",55.9219286,-3.1350953,2014,1,29,0.12
"ERR1374975","ST101","≤0.06","S","Slovenia",46.051047,14.521133,2013,11,3,0.06
"ERR1374978","ST437","2","S","Slovenia",45.930204,13.640835,2014,1,6,2
"ERR1374980","ST5","≤0.06","S","Slovenia",46.053646,14.521342,2014,1,28,0.06
"ERR1374989","ST247","≤0.06","S","Slovenia",46.234649,15.262595,2014,4,11,0.06
"ERR1374993","ST307","1","S","Slovenia",46.051047,14.521133,2013,11,25,1
"ERR1374994","ST35","2","S","Slovenia",46.053646,14.521342,2013,11,26,2
"ERR1374995","ST343","≤0.06","S","Slovenia",46.051047,14.521133,2013,12,2,0.06
"ERR1375002","ST3683","≤0.06","S","United Kingdom (England, Wales & N. Ireland)",50.2662548,-5.0938097,2014,1,25,0.06
"ERR1375004","ST873","≤0.06","S","United Kingdom (England, Wales & N. Ireland)",53.8012601,-1.5527164,2014,1,23,0.06
"ERR1375008","ST1593","≤0.06","S","United Kingdom (England, Wales & N. Ireland)",53.4875447,-2.3234243,2014,3,16,0.06
"ERR1375016","ST327","≤0.06","S","United Kingdom (England, Wales & N. Ireland)",53.4088246,-1.4608313,2013,11,8,0.06
"ERR1375017","ST678","≤0.06","S","United Kingdom (England, Wales & N. Ireland)",53.4088246,-1.4608313,2014,3,13,0.06
"ERR1375020","ST405","≤0.06","S","United Kingdom (England, Wales & N. Ireland)",50.8385975,-0.1482968,2014,4,30,0.06
"ERR1375021","ST3682","≤0.06","S","United Kingdom (England, Wales & N. Ireland)",53.8012601,-1.5527164,2014,1,7,0.06
"ERR1375022","ST922","≤0.06","S","United Kingdom (England, Wales & N. Ireland)",53.8012601,-1.5527164,2014,1,6,0.06
"ERR1375031","ST17","≤0.06","S","United Kingdom (England, Wales & N. Ireland)",55.002411,-1.593673,2013,11,26,0.06
"ERR1375035","ST45","≤0.06","S","United Kingdom (England, Wales & N. Ireland)",52.4871309,-1.9310923,2014,5,22,0.06
"ERR1375037","ST37","≤0.06","S","United Kingdom (England, Wales & N. Ireland)",51.8659834,-2.236719,2014,5,27,0.06
"ERR1375039","ST968","≤0.06","S","United Kingdom (England, Wales & N. Ireland)",51.5526834,-0.1650921,2014,5,22,0.06
"ERR1375043","ST25","≤0.06","S","United Kingdom (England, Wales & N. Ireland)",51.9228132,-0.2122641,2014,2,7,0.06
"ERR1415458","ST17","≤0.06","S","United Kingdom (England, Wales & N. Ireland)",54.587403,-5.9416668,2014,4,3,0.06
"ERR1415459","ST25","≤0.06","S","United Kingdom (England, Wales & N. Ireland)",54.587403,-5.9416668,2014,4,5,0.06
"ERR1415467","ST1015","≤0.06","S","Romania",44.4655904,26.155947,2014,4,9,0.06
"ERR1415471","ST1408","≤0.06","S","Romania",44.436154,26.071908,2014,3,7,0.06
"ERR1415475","ST37","≤0.06","S","Romania",44.4518265,26.0912848,2014,2,11,0.06
"ERR1415479","ST37","≤0.06","S","Romania",44.4518265,26.0912848,2014,2,1,0.06
"ERR1415486","ST147","32","R","Romania",44.436154,26.071908,2014,2,3,32
"ERR1415488","ST505","≤0.06","S","Romania",44.4285496,26.1386341,2013,11,15,0.06
"ERR1415492","ST3667","≤0.06","S","Romania",44.4518265,26.0912848,2013,12,4,0.06
"ERR1415499","ST147","≤0.06","S","Romania",44.4285496,26.1386341,2013,12,13,0.06
"ERR1415515","ST1593","0.12","S","United Kingdom (England, Wales & N. Ireland)",53.8012601,-1.5527164,2013,11,9,0.12
"ERR1415518","ST73","0.12","S","United Kingdom (England, Wales & N. Ireland)",50.2662548,-5.0938097,2013,11,7,0.12
"ERR1415524","ST2333","2","S","United Kingdom (England, Wales & N. Ireland)",55.002411,-1.593673,2013,11,26,2
"ERR1415529","ST25","0.12","S","United Kingdom (England, Wales & N. Ireland)",52.7068433,-2.7885173,2013,12,10,0.12
"ERR1415536","ST336","4","I","United Kingdom (England, Wales & N. Ireland)",51.515165,-0.063957,2014,1,8,4
"ERR1415539","ST461","2","S","United Kingdom (England, Wales & N. Ireland)",53.4875447,-2.3234243,2014,1,13,2
"ERR1415542","ST661","2","S","United Kingdom (England, Wales & N. Ireland)",53.8012601,-1.5527164,2014,1,23,2
"ERR1415548","ST3393","0.25","S","United Kingdom (England, Wales & N. Ireland)",53.8012601,-1.5527164,2014,2,14,0.25
"ERR1415552","ST3681","0.5","S","United Kingdom (England, Wales & N. Ireland)",52.4871309,-1.9310923,2014,2,25,0.5
"ERR1415574","ST449",">32","R","United Kingdom (England, Wales & N. Ireland)",53.4875447,-2.3234243,2014,4,24,48
"ERR1415578","ST107","≤0.06","S","United Kingdom (England, Wales & N. Ireland)",52.7068433,-2.7885173,2013,12,10,0.06
"ERR1415580","ST307","≤0.06","S","United Kingdom (England, Wales & N. Ireland)",52.7068433,-2.7885173,2014,1,1,0.06
"ERR1415581","ST3682","≤0.06","S","United Kingdom (England, Wales & N. Ireland)",53.8012601,-1.5527164,2013,12,16,0.06
"ERR1415582","ST3668","≤0.06","S","Romania",44.4518265,26.0912848,2013,12,5,0.06
"ERR1415586","ST147","0.12","S","Romania",44.4285496,26.1386341,2013,12,24,0.12
"ERR1415599","ST101","32","R","Romania",44.436154,26.071908,2014,2,28,32
"ERR1415604","ST307","≤0.06","S","Romania",44.454695,26.1154854,2013,11,22,0.06
"ERR1415610","ST1527","≤0.06","S","Romania",44.454695,26.1154854,2013,12,18,0.06
"ERR1415611","ST11","≤0.06","S","Romania",44.454695,26.1154854,2014,1,12,0.06
"ERR1415613","ST189","≤0.06","S","Romania",44.454695,26.1154854,2014,1,19,0.06
"ERR1415614","ST147","16","R","Romania",44.454695,26.1154854,2014,4,12,16
"ERR1415617","ST11","≤0.06","S","Romania",44.454695,26.1154854,2014,4,18,0.06
"ERR1415619","ST147","≤0.06","S","Romania",46.5562625,26.9107881,2013,12,3,0.06
"ERR1415623","ST25","≤0.06","S","Romania",46.5562625,26.9107881,2014,1,17,0.06
"ERR1415624","ST42","≤0.06","S","Romania",46.5562625,26.9107881,2014,1,20,0.06
"ERR1415625","ST25","≤0.06","S","Romania",46.5562625,26.9107881,2014,3,10,0.06
"ERR1415632","ST22","1","S","Romania",46.5562625,26.9107881,2014,4,28,1
"ERR1415635","ST8","≤0.06","S","Romania",46.5562625,26.9107881,2014,4,30,0.06
"ERR1415636","ST2286","≤0.06","S","Romania",44.4662036,26.0749253,2013,11,26,0.06
"ERR1415644","ST147","≤0.06","S","Romania",44.4662036,26.0749253,2013,12,10,0.06
"ERR1415648","ST3669","≤0.06","S","Romania",44.4662036,26.0749253,2013,12,12,0.06
"ERR1415665","ST437","0.5","S","Croatia",45.8343713,16.0358211,2014,4,21,0.5
"ERR1415666","ST437","2","S","Croatia",45.3324499,14.4246697,2014,3,13,2
"ERR1415668","ST437","8","I","Croatia",45.8297555,15.9801412,2013,11,4,8
"ERR1415670","ST322","≤0.06","S","Croatia",45.8153886,15.9536166,2014,1,16,0.06
"ERR1415671","ST11","≤0.06","S","Croatia",45.823818,16.0061151,2014,1,25,0.06
"ERR1415672","ST48","2","S","Croatia",45.5582882,18.6876075,2014,4,23,2
"ERR1415673","ST35","≤0.06","S","Croatia",45.8297555,15.9801412,2014,1,27,0.06
"ERR1415674","ST437","8","I","Croatia",43.5037301,16.4579764,2013,11,1,8
"ERR1415675","ST437","8","I","Croatia",45.8297555,15.9801412,2014,1,22,8
"ERR1415677","ST437","4","I","Croatia",45.823818,16.0061151,2013,11,4,4
"ERR1415678","ST437","≤0.06","S","Croatia",45.3324499,14.4246697,2014,4,22,0.06
"ERR1415681","ST437","≤0.06","S","Croatia",45.3324499,14.4246697,2014,4,24,0.06
"ERR1415682","ST25","≤0.06","S","Croatia",45.8297555,15.9801412,2014,2,21,0.06
"ERR1415683","ST163","≤0.06","S","Croatia",45.823818,16.0061151,2013,12,12,0.06
"ERR1415684","ST15","4","I","Croatia",45.823818,16.0061151,2013,12,18,4
"ERR1415685","ST1574","≤0.06","S","Croatia",45.823818,16.0061151,2013,12,29,0.06
"ERR1415687","ST37","≤0.06","S","Croatia",45.3324499,14.4246697,2014,5,12,0.06
"ERR1415689","ST15","≤0.06","S","Croatia",45.8343713,16.0358211,2014,1,3,0.06
"ERR1415692","ST15","≤0.06","S","Croatia",45.8153886,15.9536166,2014,1,19,0.06
"ERR1415693","ST15","2","S","Croatia",45.8297555,15.9801412,2014,3,6,2
"ERR1415696","ST437","1","S","Croatia",43.7339209,15.8994123,2014,4,19,1
"ERR1415699","ST437","0.12","S","Croatia",45.8297555,15.9801412,2014,3,17,0.12
"ERR1415704","ST218","≤0.06","S","Croatia",45.3324499,14.4246697,2014,1,20,0.06
"ERR1415705","ST629","≤0.06","S","Croatia",45.3324499,14.4246697,2014,1,20,0.06
"ERR1415707","ST37","≤0.06","S","Croatia",45.8343713,16.0358211,2013,11,4,0.06
"ERR1415709","ST101","0.12","S","Croatia",45.8987972,16.8423093,2014,1,27,0.12
"ERR1415710","ST485","≤0.06","S","Croatia",45.5582882,18.6876075,2014,5,14,0.06
"ERR1415711","ST437","4","I","Croatia",45.1563265,18.0258371,2013,11,18,4
"ERR1415713","ST437","4","I","Croatia",45.1563265,18.0258371,2013,11,25,4
"ERR1415714","ST14","≤0.06","S","Croatia",45.1563265,18.0258371,2014,1,25,0.06
"ERR1415715","ST437","4","I","Croatia",43.5037301,16.4579764,2014,3,3,4
"ERR1415717","ST437","≤0.06","S","Croatia",45.1563265,18.0258371,2013,12,2,0.06
"ERR1415718","ST437","2","S","Croatia",45.8343713,16.0358211,2013,12,15,2
"ERR1415721","ST405","≤0.06","S","Croatia",45.8343713,16.0358211,2013,12,19,0.06
"ERR1415723","ST437","0.25","S","Croatia",45.823818,16.0061151,2014,1,2,0.25
"ERR1415726","ST437","4","I","Croatia",45.8153886,15.9536166,2013,12,9,4
"ERR1415727","ST437","0.25","S","Croatia",45.823818,16.0061151,2014,3,28,0.25
"ERR1415728","ST49","≤0.06","S","Croatia",45.3324499,14.4246697,2013,11,7,0.06
"ERR1415731","ST15","1","S","Croatia",45.823818,16.0061151,2014,4,4,1
"ERR1415733","ST437","≤0.06","S","Croatia",45.3324499,14.4246697,2013,11,29,0.06
"ERR1415734","ST437","0.12","S","Croatia",45.3324499,14.4246697,2013,12,6,0.12
"ERR1415735","ST437","1","S","Croatia",45.8208349,15.9978627,2014,1,29,1
"ERR1415737","ST437","4","I","Croatia",45.8153886,15.9536166,2014,1,7,4
"ERR1415739","ST525","≤0.06","S","Croatia",45.8208349,15.9978627,2013,12,4,0.06
"ERR1415740","ST437","≤0.06","S","Croatia",45.823818,16.0061151,2014,1,17,0.06
"ERR1415741","ST437","0.5","S","Croatia",45.3324499,14.4246697,2014,2,16,0.5
"ERR1415744","ST17","≤0.06","S","Croatia",45.3324499,14.4246697,2014,2,19,0.06
"ERR1415746","ST25","≤0.06","S","Croatia",45.823818,16.0061151,2014,1,16,0.06
"ERR1415747","ST437","4","I","Croatia",43.5037301,16.4579764,2013,11,15,4
"ERR1415748","ST870","≤0.06","S","Croatia",43.5037301,16.4579764,2013,11,6,0.06
"ERR1415749","ST14","≤0.06","S","Croatia",43.5037301,16.4579764,2013,11,11,0.06
"ERR1415750","ST37","≤0.06","S","Croatia",43.5037301,16.4579764,2013,11,11,0.06
"ERR1415751","ST437","16","R","Croatia",45.8208349,15.9978627,2013,11,29,16
"ERR1415754","ST15","≤0.06","S","Serbia",44.8027132,20.4895062,2014,2,26,0.06
"ERR1415755","ST101","0.12","S","Serbia",44.8027132,20.4895062,2014,2,25,0.12
"ERR1415766","ST437","1","S","Serbia",45.2174098,19.8562217,2014,1,22,1
"ERR1415768","ST437",">32","R","Serbia",44.7994012,20.4622869,2013,12,12,48
"ERR1415769","ST101","0.12","S","Serbia",45.2174098,19.8562217,2014,2,26,0.12
"ERR1415770","ST29","≤0.06","S","Serbia",43.888908,20.35038,2014,3,11,0.06
"ERR1415771","ST14","≤0.06","S","Serbia",43.888908,20.35038,2014,3,12,0.06
"ERR1415773","ST437",">32","R","Serbia",43.3161569,21.913471,2014,3,21,48
"ERR1415777","ST101","0.25","S","Serbia",43.3161569,21.913471,2013,11,21,0.25
"ERR1415780","ST3670","0.12","S","Serbia",43.3161569,21.913471,2013,11,30,0.12
"ERR1415781","ST101",">32","R","Serbia",44.7994012,20.4622869,2014,1,14,48
"ERR1415784","ST340","0.25","S","Serbia",43.888908,20.35038,2014,1,15,0.25
"ERR1415786","ST101","0.25","S","Serbia",43.888908,20.35038,2014,1,16,0.25
"ERR1415794","ST101","0.12","S","Serbia",45.2540938,19.8242551,2013,11,24,0.12
"ERR1415801","ST101","1","S","Serbia",44.7771159,20.4605754,2014,1,28,1
"ERR1415804","ST3671","≤0.06","S","Serbia",43.3161569,21.913471,2013,11,12,0.06
"ERR1415805","ST3671","≤0.06","S","Serbia",43.3161569,21.913471,2013,11,14,0.06
"ERR1415815","ST340","0.25","S","Serbia",43.7261379,20.6909159,2013,11,15,0.25
"ERR1415820","ST101",">32","R","Serbia",44.0186285,20.9138938,2014,3,25,48
"ERR1415822","ST101",">32","R","Serbia",44.0186285,20.9138938,2014,3,25,48
"ERR1514846","ST321","0.12","S","Belgium",51.024891,3.725481,2014,2,10,0.12
"ERR1514848","ST3637","≤0.06","S","Belgium",51.024891,3.725481,2014,3,30,0.06
"ERR1514849","ST15","≤0.06","S","Belgium",51.024891,3.725481,2014,4,2,0.06
"ERR1514851","ST36","≤0.06","S","Belgium",51.16188,4.149313,2014,5,14,0.06
"ERR1514854","ST3638","≤0.06","S","Belgium",50.651987,5.575025,2014,6,5,0.06
"ERR1514858","ST230","≤0.06","S","Belgium",50.651987,5.575025,2014,6,4,0.06
"ERR1514859","ST307","≤0.06","S","Belgium",50.651987,5.575025,2014,6,4,0.06
"ERR1514860","ST15","≤0.06","S","Belgium",50.651987,5.575025,2014,6,5,0.06
"ERR1514862","ST405","≤0.06","S","Belgium",50.852768,4.452853,2013,12,9,0.06
"ERR1514864","ST45","≤0.06","S","Belgium",50.943547,4.055162,2014,5,22,0.06
"ERR1514865","ST20","≤0.06","S","Belgium",50.943547,4.055162,2014,5,23,0.06
"ERR1514866","ST485","≤0.06","S","Belgium",50.813785,4.265635,2013,11,19,0.06
"ERR1514867","ST234","≤0.06","S","Belgium",50.813785,4.265635,2013,12,1,0.06
"ERR1514870","ST1145","≤0.06","S","Belgium",50.813785,4.265635,2014,1,5,0.06
"ERR1514872","ST3639","≤0.06","S","Belgium",50.813785,4.265635,2014,3,22,0.06
"ERR1514873","ST215","≤0.06","S","Belgium",50.813785,4.265635,2014,4,6,0.06
"ERR1514874","ST101",">32","R","Belgium",50.813785,4.265635,2014,4,9,48
"ERR1514876","ST25","≤0.06","S","Belgium",50.813785,4.265635,2014,4,27,0.06
"ERR1514884","ST307","4","I","Belgium",50.888121,4.307432,2013,11,23,4
"ERR1514886","ST39","≤0.06","S","Belgium",50.888121,4.307432,2013,11,25,0.06
"ERR1514887","ST101","8","I","Belgium",50.888121,4.307432,2013,12,2,8
"ERR1514890","ST101","2","S","Belgium",50.888121,4.307432,2013,12,18,2
"ERR1514892","ST512","32","R","Belgium",50.572523,5.567129,2013,12,26,32
"ERR1514893","ST512","32","R","Belgium",50.572523,5.567129,2013,12,22,32
"ERR1514895","ST512","32","R","Belgium",50.572523,5.567129,2014,1,2,32
"ERR1514896","ST405","16","R","Belgium",50.943547,4.055162,2014,1,2,16
"ERR1514897","ST15","≤0.06","S","Belgium",50.651987,5.575025,2014,1,6,0.06
"ERR1514899","ST788","4","I","Belgium",50.572523,5.567129,2014,1,10,4
"ERR1514901","ST405","0.25","S","Belgium",51.024891,3.725481,2014,1,23,0.25
"ERR1514902","ST788","4","I","Belgium",50.572523,5.567129,2014,1,26,4
"ERR1514903","ST101","16","R","Belgium",50.888121,4.307432,2014,1,30,16
"ERR1514904","ST101","16","R","Belgium",50.888121,4.307432,2014,2,4,16
"ERR1514905","ST512",">32","R","Belgium",50.572523,5.567129,2014,2,5,48
"ERR1514906","ST70","≤0.06","S","Belgium",51.155,4.4122,2013,12,17,0.06
"ERR1514909","ST405","2","S","Belgium",51.16188,4.149313,2014,2,12,2
"ERR1514914","ST512","32","R","Belgium",50.651987,5.575025,2014,3,14,32
"ERR1514919","ST512",">32","R","Belgium",50.651987,5.575025,2014,3,10,48
"ERR1514920","ST405","2","S","Belgium",51.024891,3.725481,2014,3,14,2
"ERR1514921","ST11","2","S","Belgium",51.155,4.4122,2014,3,20,2
"ERR1514923","ST405","≤0.06","S","Belgium",50.572523,5.567129,2014,3,17,0.06
"ERR1514925","ST340","0.25","S","Serbia",43.7261379,20.6909159,2013,12,18,0.25
"ERR1514928","ST86","≤0.06","S","Serbia",44.7771159,20.4605754,2014,2,13,0.06
"ERR1514929","ST999","≤0.06","S","Serbia",44.7994012,20.4622869,2013,12,16,0.06
"ERR1514934","ST101","0.25","S","Serbia",43.888908,20.35038,2014,2,21,0.25
"ERR1514937","ST101","1","S","Serbia",44.7771159,20.4605754,2014,2,14,1
"ERR1514939","ST29","≤0.06","S","Serbia",44.7994012,20.4622869,2013,11,15,0.06
"ERR1514940","ST29","≤0.06","S","Serbia",44.7994012,20.4622869,2013,12,10,0.06
"ERR1514950","ST323","32","R","Ireland",53.339535,-6.295767,2013,11,28,32
"ERR1514951","ST133","2","S","Ireland",53.291701,-6.378733,2013,12,18,2
"ERR1514952","ST5","≤0.06","S","Ireland",53.27589,-9.066467,2014,1,9,0.06
"ERR1514955","ST643","≤0.06","S","Ireland",53.291701,-6.378733,2013,12,12,0.06
"ERR1514959","ST5","8","I","Ireland",53.27589,-9.066467,2014,1,24,8
"ERR1514960","ST1236","≤0.06","S","Ireland",53.27589,-9.066467,2014,1,28,0.06
"ERR1514961","ST11","32","R","Ireland",53.722336,-6.352844,2014,1,25,32
"ERR1514964","ST15","0.5","S","Ireland",51.883432,-8.512602,2014,2,17,0.5
"ERR1514971","ST15","≤0.06","S","Ireland",51.883432,-8.512602,2014,3,25,0.06
"ERR1514973","ST35","2","S","Ireland",52.634495,-8.65345,2014,4,11,2
"ERR1514981","ST14","≤0.06","S","Ireland",52.634495,-8.65345,2014,5,7,0.06
"ERR1514982","ST485","≤0.06","S","Ireland",52.634495,-8.65345,2014,5,10,0.06
"ERR1514984","ST1236","≤0.06","S","Ireland",52.634495,-8.65345,2014,1,28,0.06
"ERR1514985","ST48","0.12","S","Ireland",53.27589,-9.066467,2014,1,2,0.12
"ERR1514987","ST3636","≤0.06","S","Belgium",50.888121,4.307432,2013,11,17,0.06
"ERR1514990","ST29","≤0.06","S","Belgium",50.888121,4.307432,2013,12,20,0.06
"ERR1514992","ST405","≤0.06","S","Belgium",50.572523,5.567129,2013,12,16,0.06
"ERR1514993","ST405","≤0.06","S","Belgium",50.572523,5.567129,2013,12,17,0.06
"ERR1514995","ST15","≤0.06","S","Belgium",50.572523,5.567129,2014,6,17,0.06
"ERR1514996","ST405","≤0.06","S","Belgium",50.572523,5.567129,2014,1,10,0.06
"ERR1514997","ST405","≤0.06","S","Belgium",50.572523,5.567129,2014,1,20,0.06
"ERR1514998","ST405","≤0.06","S","Belgium",50.572523,5.567129,2014,1,27,0.06
"ERR1514999","ST29","≤0.06","S","Belgium",50.572523,5.567129,2014,3,18,0.06
"ERR1515000","ST405","0.12","S","Belgium",50.572523,5.567129,2014,3,18,0.12
"ERR1515001","ST405","≤0.06","S","Belgium",50.572523,5.567129,2014,3,29,0.06
"ERR1515003","ST221","≤0.06","S","Belgium",50.888121,4.307432,2014,1,31,0.06
"ERR1541259","ST1487","≤0.06","S","Belgium",50.651987,5.575025,2014,3,27,0.06
"ERR1541260","ST147","1","S","Belgium",50.572523,5.567129,2014,3,31,1
"ERR1541262","ST268","1","S","Belgium",50.834358,4.346697,2014,4,18,1
"ERR1541263","ST1942","1","S","Belgium",50.878576,4.674358,2014,4,17,1
"ERR1541265","ST405","2","S","Belgium",51.16188,4.149313,2014,3,4,2
"ERR1541266","ST11","1","S","Belgium",51.16188,4.149313,2014,3,12,1
"ERR1541277","ST4","≤0.06","S","Belgium",50.878576,4.674358,2014,5,17,0.06
"ERR1541281","ST101","32","R","Turkey",41.055651,28.999411,2014,1,24,32
"ERR1541282","ST14",">32","R","Turkey",41.055651,28.999411,2014,3,10,48
"ERR1541288","ST14",">32","R","Turkey",41.055651,28.999411,2014,2,13,48
"ERR1541289","ST14",">32","R","Turkey",41.055651,28.999411,2014,3,8,48
"ERR1541291","ST343","≤0.06","S","Turkey",41.055651,28.999411,2014,3,10,0.06
"ERR1541292","ST35","≤0.06","S","Turkey",41.055651,28.999411,2014,2,15,0.06
"ERR1541293","ST105","≤0.06","S","Turkey",41.055651,28.999411,2014,2,6,0.06
"ERR1541296","ST110","≤0.06","S","Turkey",41.055651,28.999411,2014,1,31,0.06
"ERR1541297","ST15","≤0.06","S","Turkey",41.055651,28.999411,2014,2,13,0.06
"ERR1541303","ST530","16","R","Turkey",36.894252,30.6519019,2013,11,14,16
"ERR1541304","ST147","2","S","Turkey",36.894252,30.6519019,2013,11,19,2
"ERR1541307","ST377","2","S","Turkey",36.894252,30.6519019,2013,12,2,2
"ERR1541309","ST345","≤0.06","S","Turkey",36.894252,30.6519019,2013,12,23,0.06
"ERR1541314","ST3676","≤0.06","S","Turkey",36.894252,30.6519019,2013,11,29,0.06
"ERR1541317","ST20","4","I","Turkey",39.708083,37.0315732,2013,12,3,4
"ERR1541318","ST1193","≤0.06","S","Turkey",39.708083,37.0315732,2013,12,3,0.06
"ERR1541319","ST1731","2","S","Turkey",38.704204,35.5242802,2013,11,17,2
"ERR1541322","ST147","2","S","Turkey",38.704204,35.5242802,2013,11,26,2
"ERR1541324","ST2442","2","S","Turkey",38.704204,35.5242802,2013,12,2,2
"ERR1541325","ST147","2","S","Turkey",38.704204,35.5242802,2013,12,26,2
"ERR1541327","ST101",">32","R","Turkey",38.704204,35.5242802,2013,12,31,48
"ERR1541330","ST101","0.12","S","Turkey",38.457955,27.2296148,2013,11,10,0.12
"ERR1541331","ST392","32","R","Turkey",38.457955,27.2296148,2014,1,3,32
"ERR1541332","ST101","32","R","Turkey",38.457955,27.2296148,2014,1,12,32
"ERR1541334","ST294","2","S","Turkey",38.457955,27.2296148,2013,11,17,2
"ERR1541335","ST395",">32","R","Turkey",38.457955,27.2296148,2014,1,10,48
"ERR1541336","ST294","4","I","Turkey",38.457955,27.2296148,2014,1,17,4
"ERR1541339","ST3677","≤0.06","S","Turkey",38.704204,35.5242802,2013,11,20,0.06
"ERR1541342","ST35","≤0.06","S","Turkey",38.704204,35.5242802,2013,12,30,0.06
"ERR1541343","ST405","≤0.06","S","Turkey",38.457955,27.2296148,2014,1,24,0.06
"ERR1541345","ST405","≤0.06","S","Turkey",38.457955,27.2296148,2014,1,12,0.06
"ERR1541347","ST3679","≤0.06","S","Turkey",38.457955,27.2296148,2014,1,7,0.06
"ERR1541348","ST36","≤0.06","S","Turkey",38.457955,27.2296148,2014,1,3,0.06
"ERR1541351","ST395",">32","R","Turkey",38.677888,39.2028581,2014,3,17,48
"ERR1541353","ST405","4","I","Turkey",38.677888,39.2028581,2014,3,7,4
"ERR1541357","ST3680","≤0.06","S","Turkey",38.677888,39.2028581,2014,1,18,0.06
"ERR1541358","ST336","≤0.06","S","Turkey",39.970171,32.833725,2013,11,29,0.06
"ERR1541362","ST37","≤0.06","S","Turkey",39.970171,32.833725,2013,11,16,0.06
"ERR1541363","ST16",">32","R","Turkey",39.970171,32.833725,2013,12,12,48
"ERR1541367","ST16","2","S","Turkey",39.970171,32.833725,2014,1,20,2
"ERR1541368","ST15","≤0.06","S","Turkey",39.970171,32.833725,2014,1,20,0.06
"ERR1541371","ST636","≤0.06","S","Turkey",39.970171,32.833725,2013,11,13,0.06
"ERR1541376","ST16","1","S","Turkey",39.970171,32.833725,2013,11,29,1
"ERR1541377","ST395","32","R","Turkey",37.0349699,37.3174882,2013,11,19,32
"ERR1541384","ST307","2","S","Turkey",37.0349699,37.3174882,2013,12,4,2
"ERR1541385","ST395",">32","R","Turkey",37.0349699,37.3174882,2013,12,17,48
"ERR1541387","ST17","≤0.06","S","Turkey",37.0349699,37.3174882,2014,1,22,0.06
"ERR1541390","ST882","≤0.06","S","Turkey",37.0349699,37.3174882,2014,3,5,0.06
"ERR1541396","ST29","≤0.06","S","Turkey",39.930103,32.86575,2013,11,6,0.06
"ERR1541402","ST200","≤0.06","S","Turkey",39.930103,32.86575,2013,11,19,0.06
"ERR1541403","ST985","≤0.06","S","Turkey",39.930103,32.86575,2013,12,3,0.06
"ERR1541408","ST15","≤0.06","S","Turkey",39.930103,32.86575,2013,11,24,0.06
"ERR1541410","ST160","≤0.06","S","Turkey",39.930103,32.86575,2014,2,16,0.06
"ERR1541411","ST35","≤0.06","S","Turkey",38.335778,38.316586,2013,11,19,0.06
"ERR1541418","ST1228","≤0.06","S","Turkey",38.335778,38.316586,2014,2,24,0.06
"ERR1541420","ST35","≤0.06","S","Turkey",38.335778,38.316586,2013,11,19,0.06
"ERR1541424","ST15","≤0.06","S","Turkey",38.335778,38.316586,2013,12,24,0.06
"ERR1541425","ST420","≤0.06","S","Turkey",38.335778,38.316586,2014,2,18,0.06
"ERR1541427","ST35","≤0.06","S","Turkey",38.335778,38.316586,2014,2,24,0.06
"ERR1541436","ST530","0.5","S","Turkey",40.7655446,29.9397065,2014,4,25,0.5
"ERR1541437","ST17","0.25","S","Turkey",40.7655446,29.9397065,2013,11,6,0.25
"ERR1541438","ST17","≤0.06","S","Turkey",40.7655446,29.9397065,2014,4,28,0.06
"ERR1541440","ST17","≤0.06","S","Turkey",40.7655446,29.9397065,2013,12,3,0.06
"ERR1541441","ST940","0.12","S","Turkey",40.7655446,29.9397065,2014,2,19,0.12
"ERR1541442","ST29","≤0.06","S","Turkey",40.7655446,29.9397065,2014,3,9,0.06
"ERR1541443","ST219","≤0.06","S","Turkey",40.7655446,29.9397065,2014,3,14,0.06
"ERR1541444","ST37","≤0.06","S","Turkey",40.7655446,29.9397065,2014,4,25,0.06
"ERR1541446","ST525","32","R","Turkey",40.9847981,29.3482646,2014,1,8,32
"ERR1541447","ST525",">32","R","Turkey",40.9847981,29.3482646,2014,2,20,48
"ERR1541449","ST525",">32","R","Turkey",40.9847981,29.3482646,2014,1,16,48
"ERR1541450","ST525","1","S","Turkey",40.9847981,29.3482646,2014,1,17,1
"ERR1541452","ST101","32","R","Turkey",40.9847981,29.3482646,2014,1,23,32
"ERR1541455","ST111","≤0.06","S","Turkey",40.9847981,29.3482646,2014,2,13,0.06
"ERR1541456","ST36","≤0.06","S","Turkey",40.9847981,29.3482646,2014,2,20,0.06
"ERR1541457","ST504","≤0.06","S","Turkey",40.9847981,29.3482646,2014,1,16,0.06
"ERR1541459","ST551","≤0.06","S","Turkey",40.9847981,29.3482646,2014,1,19,0.06
"ERR1541461","ST105","≤0.06","S","Turkey",40.9847981,29.3482646,2014,1,8,0.06
"ERR1541464","ST1193","≤0.06","S","Turkey",39.967446,32.8362329,2014,2,4,0.06
"ERR1541470","ST23","1","S","Turkey",41.3684,36.209867,2013,12,9,1
"ERR1541472","ST23","≤0.06","S","Turkey",41.3684,36.209867,2013,11,30,0.06
"ERR1541474","ST3003","0.12","S","Turkey",41.3684,36.209867,2014,1,13,0.12
"ERR1541478","ST45","≤0.06","S","Turkey",41.3684,36.209867,2013,12,9,0.06
"ERR1541479","ST36","≤0.06","S","Turkey",41.3684,36.209867,2013,12,9,0.06
"ERR1541483","ST36","≤0.06","S","Turkey",41.3684,36.209867,2013,12,18,0.06
"ERR1541484","ST107","4","I","Turkey",40.996514,39.768208,2013,11,4,4
"ERR1541493","ST1207","0.12","S","Turkey",40.996514,39.768208,2013,12,9,0.12
"ERR1541499","ST17","≤0.06","S","Turkey",40.996514,39.768208,2013,11,6,0.06
"ERR1541502","ST45","≤0.06","S","Turkey",38.568323,43.2833018,2013,10,31,0.06
"ERR1541503","ST45","2","S","Turkey",38.568323,43.2833018,2013,11,5,2
"ERR1541504","ST307","4","I","Turkey",38.568323,43.2833018,2013,11,14,4
"ERR1541506","ST985","≤0.06","S","Turkey",38.568323,43.2833018,2014,5,8,0.06
"ERR1541507","ST1634","≤0.06","S","Turkey",38.568323,43.2833018,2014,5,8,0.06
"ERR1541508","ST882","≤0.06","S","Turkey",38.568323,43.2833018,2013,11,16,0.06
"ERR1541509","ST101","0.5","S","Turkey",41.00527,28.97696,2014,4,2,0.5
"ERR1541511","ST15",">32","R","Turkey",41.00527,28.97696,2013,11,8,48
"ERR1541513","ST101",">32","R","Turkey",41.00527,28.97696,2013,11,5,48
"ERR1541518","ST14","≤0.06","S","Turkey",41.00527,28.97696,2013,9,7,0.06
"ERR1541519","ST45","≤0.06","S","Turkey",41.00527,28.97696,2013,11,8,0.06
"ERR1541520","ST985","≤0.06","S","Turkey",41.00527,28.97696,2013,11,5,0.06
"ERR1541521","ST25","≤0.06","S","Turkey",41.00527,28.97696,2014,4,13,0.06
"ERR1541525","ST101","16","R","Turkey",38.393269,27.0247601,2013,10,2,16
"ERR1541535","ST147","≤0.06","S","Turkey",38.393269,27.0247601,2013,9,11,0.06
"ERR1541536","ST353","≤0.06","S","Turkey",38.393269,27.0247601,2013,9,12,0.06
"ERR1541537","ST101","≤0.06","S","Turkey",38.393269,27.0247601,2013,9,13,0.06
"ERR1541538","ST188","≤0.06","S","Turkey",38.393269,27.0247601,2013,9,15,0.06
"ERR1541539","ST185","0.25","S","Turkey",38.393269,27.0247601,2013,9,21,0.25
"ERR1541540","ST14","≤0.06","S","Turkey",38.393269,27.0247601,2013,9,22,0.06
"ERR1541541","ST882","≤0.06","S","Turkey",38.393269,27.0247601,2013,9,26,0.06
"ERR1541542","ST111","≤0.06","S","Austria",47.2301548,9.5808176,2014,1,28,0.06
"ERR1541543","ST392","4","I","Austria",46.6358616,14.3089696,2013,12,26,4
"ERR1541544","ST11","0.25","S","Poland",51.142,17.0661,2014,3,10,0.25
"ERR1541545","ST45","≤0.06","S","Poland",54.1195,22.9254,2014,1,7,0.06
"ERR1541546","ST152","≤0.06","S","Poland",52.4032,16.9354,2013,11,13,0.06
"ERR1541547","ST152","≤0.06","S","Poland",52.4032,16.9354,2014,1,23,0.06
"ERR1541548","ST11","1","S","France",44.7847737,-0.6630826,2014,1,2,1
"ERR1541549","ST11","4","I","Slovakia",48.743212,19.117908,2013,12,16,4
"ERR1541550","ST11","0.12","S","Slovakia",48.743212,19.117908,2014,1,2,0.12
"ERR1541551","ST11","2","S","Slovakia",48.155065,17.152201,2014,1,24,2
"ERR1541553","ST11","0.5","S","Slovakia",48.166374,17.087154,2014,1,15,0.5
"ERR1541554","ST405","2","S","Czech Republic",50.072284,14.3438228,2014,2,10,2
"ERR1541556","ST14","0.12","S","Czech Republic",50.072284,14.3438228,2014,3,24,0.12
"ERR1541557","ST11","4","I","Czech Republic",48.9608038,14.4693992,2013,12,31,4
"ERR1541559","ST11","0.12","S","Czech Republic",50.2004274,15.8269539,2014,3,5,0.12
"ERR1541562","ST1243","≤0.06","S","Lithuania",54.5668601,23.3468806,2014,1,15,0.06
"ERR1541563","ST86","1","S","Lithuania",54.709866,25.3155939,2013,11,11,1
"ERR1541564","ST512","32","R","Israel",32.80362,34.986711,2013,12,3,32
"ERR1541566","ST186","≤0.06","S","Italy",43.6082045,13.455575,2013,11,16,0.06
"ERR1541567","ST512","0.25","S","Italy",41.4568925,15.5236318,2013,11,11,0.25
"ERR1541568","ST512",">32","R","Italy",41.4568925,15.5236318,2013,11,13,48
"ERR1541569","ST896","≤0.06","S","Italy",41.4568925,15.5236318,2013,11,12,0.06
"ERR1541570","ST512",">32","R","Italy",41.4568925,15.5236318,2013,11,17,48
"ERR1541571","ST35","≤0.06","S","Italy",45.1193476,7.7061494,2013,12,2,0.06
